Date,BTC,ETH,USDT,XRP,LTC,DOT,BCH,ADA,BNB,LINK,USDC,WBTC,BSV,XLM,EOS,XMR,XEM,THETA,TRX,XTZ,VET,UNI,AAVE,DOGE,BUSD,DAI,SNX,ATOM,EGLD,AVAX,HT,CRO,SOL,MIOTA,LUNA,FIL,KLAY,BTT,ETC,SHIB,ICP,MATIC,ALGO,FTT,UST
2021-01-01,29374.15,730.37,1.00,0.2374,126.23,8.31,341.99,0.1753,37.91,11.87,0.9998,29349.44,163.12,0.1324,2.64,136.05,0.2223,1.97,0.02694,2.01,,,,,,,,,,,,,,,,,,,,,,,,,
2021-01-02,32127.27,774.53,1.00,0.2217,136.94,9.21,354.60,0.1774,38.24,12.22,1.00,32164.80,163.09,0.1278,2.63,143.12,0.2032,2.40,0.02722,2.00,,,,,,,,,,,,,,,,,,,,,,,,,
2021-01-03,32782.02,975.51,1.00,0.2258,160.19,10.03,421.79,0.205,41.15,13.65,0.9997,33008.13,171.39,0.1364,2.80,138.06,0.2105,2.12,0.02949,,0.02592,,,,,,,,,,,,,,,,,,,,,,,,
2021-01-04,31971.91,1040.23,1.00,0.2367,154.81,9.47,407.94,0.2248,40.93,13.57,0.9994,31950.11,167.59,0.1652,2.81,133.60,0.2048,1.96,0.03085,2.31,,,,,,,,,,,,,,,,,,,,,,,,,
2021-01-05,33992.43,1100.01,1.00,0.2268,158.59,9.70,419.77,0.2583,41.73,14.54,0.9997,33968.24,168.63,0.1948,2.90,136.83,0.2057,2.13,0.02863,,0.02791,,,,,,,,,,,,,,,,,,,,,,,,
2021-01-06,36824.36,1207.11,1.00,0.2509,169.02,10.10,454.48,0.3319,42.17,17.16,0.9997,36680.52,179.85,0.3408,3.38,142.32,0.2583,2.18,0.03051,2.62,,,,,,,,,,,,,,,,,,,,,,,,,
2021-01-07,39371.04,1225.68,1.00,0.326,169.62,9.64,449.57,0.3,43.45,16.03,0.9979,39335.31,176.24,0.3158,3.20,143.10,0.2483,1.99,0.03107,2.53,,,,,,,,,,,,,,,,,,,,,,,,,
2021-01-08,40797.61,1224.20,1.00,0.3232,173.28,9.31,441.06,0.3056,42.40,15.29,0.9997,40574.24,180.46,0.3028,3.12,142.53,0.2338,1.99,0.03061,2.46,,,,,,,,,,,,,,,,,,,,,,,,,
2021-01-09,40254.55,1281.08,1.00,0.3269,177.48,9.78,573.91,0.333,43.93,17.61,0.9998,40236.77,284.51,0.3119,3.63,147.57,0.2414,2.04,0.03403,2.64,,,,,,,,,,,,,,,,,,,,,,,,,
2021-01-10,38356.44,1262.25,1.00,0.3183,171.11,9.31,603.60,0.3049,42.45,16.25,1.00,38332.34,253.71,0.2887,3.09,185.14,0.2356,1.99,0.03293,2.77,,,,,,,,,,,,,,,,,,,,,,,,,
2021-01-11,35566.66,1090.15,1.00,0.2889,139.25,8.28,479.59,0.2755,38.37,14.56,1,35375.02,191.37,0.2722,2.67,158.58,0.2134,1.82,0.02896,2.33,,,,,,,,,,,,,,,,,,,,,,,,,
2021-01-12,33922.96,1043.43,1.00,0.2921,132.64,8.26,450.28,0.287,38.11,13.92,1.00,33853.32,188.74,0.2817,2.59,157.78,0.2136,1.82,0.02856,2.29,,,,,,,,,,,,,,,,,,,,,,,,,
2021-01-13,37316.36,1130.74,1.00,0.3056,147.42,10.96,495.78,0.3136,40.14,15.93,0.9998,37305.65,212.44,0.304,2.77,171.80,0.2289,2.11,0.0302,2.50,,,,,,,,,,,,,,,,,,,,,,,,,
2021-01-14,39187.33,1218.45,0.999,0.2954,152.08,14.54,526.33,0.3104,41.79,17.83,1.00,39188.64,220.63,0.3026,2.80,163.11,0.2272,2.18,0.03001,2.54,,,,,,,,,,,,,,,,,,,,,,,,,
2021-01-15,36825.37,1171.83,0.9998,0.2804,144.24,13.21,492.59,0.3025,40.92,20.71,1.00,36693.60,208.85,0.2849,2.76,157.38,,2.05,0.02979,2.73,,7.36,,,,,,,,,,,,,,,,,,,,,,,
2021-01-16,36178.14,1233.54,1.00,0.2802,144.27,18.18,490.98,0.3524,43.17,20.22,1.00,36252.40,207.11,0.292,2.78,155.94,,,0.03015,2.88,,8.42,182.93,,,,,,,,,,,,,,,,,,,,,,
2021-01-17,35791.28,1230.17,1.00,0.2774,142.43,16.98,478.77,0.3799,45.68,23.17,1.00,35895.35,199.10,0.3036,2.76,159.58,,,0.03014,2.97,,8.66,186.26,,,,,,,,,,,,,,,,,,,,,,
2021-01-18,36630.08,1257.28,1.00,0.2848,152.14,16.51,510.42,0.3714,45.35,22.04,1.00,36615.97,206.43,0.3036,2.81,156.96,,,0.03162,3.03,,9.22,197.66,,,,,,,,,,,,,,,,,,,,,,
2021-01-19,36069.81,1377.30,1.00,0.2943,153.49,16.47,511.07,0.3691,42.79,20.75,1.00,36143.05,204.72,0.2994,2.80,157.54,0.2457,,0.03079,,,8.64,187.51,,,,,,,,,,,,,,,,,,,,,,
2021-01-20,35547.75,1382.27,1.00,0.2965,149.93,17.95,499.32,0.3754,42.61,21.85,1,35489.39,200.88,0.2944,2.78,153.03,,,,2.91,0.03468,8.98,193.34,,,,,,,,,,,,,,,,,,,,,,
2021-01-21,30825.70,1121.57,0.9997,0.2689,130.13,15.94,419.59,0.3102,38.65,18.42,1.00,30795.28,178.36,0.2526,2.55,130.19,0.2125,,0.0277,,,7.60,159.99,,,,,,,,,,,,,,,,,,,,,,
2021-01-22,33005.76,1236.51,1.00,0.2728,137.27,17.16,441.53,0.3496,40.86,21.63,1.00,32980.39,178.39,0.2705,2.63,135.70,,,0.02864,2.93,,8.72,188.28,,,,,,,,,,,,,,,,,,,,,,
2021-01-23,32067.64,1230.99,1.00,0.2718,137.75,18.60,431.50,0.3456,40.82,24.76,1.00,32081.56,174.72,0.2698,2.71,138.21,,,0.02919,3.17,,9.30,210.37,,,,,,,,,,,,,,,,,,,,,,
2021-01-24,32289.38,1391.61,1.00,0.2735,141.48,18.00,440.10,0.3539,41.88,24.70,1.00,32241.80,174.95,0.2716,2.71,137.47,,,0.03002,3.04,,12.05,264.85,,,,,,,,,,,,,,,,,,,,,,
2021-01-25,32366.39,1324.41,1,0.2691,137.44,17.25,433.80,0.3439,41.62,23.54,1.00,32337.59,181.77,0.2622,2.65,137.20,,,0.02956,2.93,,11.35,249.74,,,,,,,,,,,,,,,,,,,,,,
2021-01-26,32569.85,1357.06,1.00,0.2688,134.76,17.12,428.04,0.3442,41.69,23.03,1.00,32668.16,174.16,0.2616,2.63,138.11,,2.30,,2.91,,13.84,272.36,,,,,,,,,,,,,,,,,,,,,,
2021-01-27,30432.55,1253.19,1.00,0.2519,122.95,15.50,378.03,0.3131,40.99,21.07,1.00,30431.75,162.08,0.2391,2.51,126.02,0.2323,,,2.80,,14.83,282.44,,,,,,,,,,,,,,,,,,,,,,
2021-01-28,33466.10,1332.49,1.00,0.2641,133.49,16.94,405.37,0.3461,42.53,23.11,0.9996,33315.13,170.50,0.2922,2.71,,,,,,,14.20,297.41,0.03408,1.00,1.00,,,,,,,,,,,,,,,,,,,
2021-01-29,34316.39,1382.52,1.00,0.2822,135.01,16.84,407.50,0.3481,42.85,22.77,1,34312.94,173.02,0.2947,2.73,140.47,,,0.0333,,,15.71,286.90,0.04716,,,,,,,,,,,,,,,,,,,,,
2021-01-30,34269.52,1376.12,1.00,0.4402,133.40,16.51,414.94,0.3626,44.77,23.59,1.00,34355.65,178.85,0.3249,2.92,139.47,,,0.03203,,,19.46,313.09,0.02818,,,,,,,,,,,,,,,,,,,,,
2021-01-31,33114.36,1314.99,1.00,0.4923,129.57,16.12,399.77,0.3449,44.28,22.60,1,33085.08,173.86,0.3057,2.91,138.06,,,0.0316,,,17.67,300.06,0.0372,,,,,,,,,,,,,,,,,,,,,
2021-02-01,33537.18,1369.04,1.00,0.3715,131.95,16.38,414.02,0.402,51.61,22.84,0.9999,33702.03,178.72,0.3218,3.06,143.74,0.2641,,,,,20.42,295.66,0.03487,,,,,,,,,,,,,,,,,,,,,
2021-02-02,35510.29,1515.19,1.00,0.3693,142.51,17.26,430.15,0.4262,51.06,23.71,1.00,35519.52,180.68,0.3366,3.00,151.55,0.2742,,,,,19.08,301.12,0.03152,,,,,,,,,,,,,,,,,,,,,
2021-02-03,37472.09,1660.91,1.00,0.3935,155.61,20.73,444.85,0.4414,52.24,25.07,0.9998,37513.78,182.99,0.3422,3.06,154.97,0.2844,,,,,19.77,365.60,0.03712,,,,,,,,,,,,,,,,,,,,,
2021-02-04,36926.06,1594.76,1.00,0.4464,145.15,19.70,420.82,0.4411,55.93,24.50,0.9997,36990.57,176.57,0.3252,3.02,148.59,0.2649,,,,,20.15,466.48,0.05329,,,,,,,,,,,,,,,,,,,,,
2021-02-05,38144.31,1718.65,1.00,0.45,154.85,20.90,446.46,0.5379,67.85,26.36,0.9999,38241.69,187.25,0.3496,3.31,155.28,,,,,,21.19,506.77,0.04693,,,23.51,,,,,,,,,,,,,,,,,,
2021-02-06,39266.01,1677.85,1.00,0.4391,155.71,20.40,457.64,0.6279,72.73,25.05,1,39329.49,184.29,0.3763,3.21,152.59,,,,,,19.30,472.33,0.05759,,,,12.02,,,,,,,,,,,,,,,,,
2021-02-07,38903.44,1614.23,1.00,0.418,151.14,19.79,445.17,0.6632,68.59,24.79,0.9999,38877.48,183.06,0.3835,3.44,,0.3052,,,,,18.69,461.51,0.07878,,,,13.92,,,,,,,,,,,,,,,,,
2021-02-08,46196.46,1746.62,1.00,0.4477,167.22,23.03,483.70,0.6825,79.83,25.46,0.9998,46403.37,194.01,0.3956,3.58,162.75,,,,,,19.35,490.34,0.07883,,,,14.24,,,,,,,,,,,,,,,,,
2021-02-09,46481.10,1768.04,1.00,0.472,182.11,23.13,513.53,0.7035,107.90,27.59,1.00,46560.31,225.95,0.3967,4.16,,,,0.04603,,,19.53,488.00,0.07007,,,,,196.02,,,,,,,,,,,,,,,,
2021-02-10,44918.18,1744.24,1.00,0.5034,182.17,23.59,494.97,0.9303,129.74,26.86,1.00,44846.93,212.10,0.4124,4.13,,0.3707,,,,,20.74,517.97,0.0729,,,,,,55.30,,,,,,,,,,,,,,,
2021-02-11,47909.33,1783.80,1.00,0.5248,184.50,25.23,529.74,0.9277,124.43,27.87,0.9998,47751.07,225.00,0.4529,4.59,,,,0.05706,,,21.55,518.07,0.06968,,,,17.78,,,,,,,,,,,,,,,,,
2021-02-12,47504.85,1843.53,1.00,0.6086,197.23,28.69,577.60,0.9256,136.95,30.64,0.9998,47508.24,235.68,0.5278,4.75,,,,0.05532,,,22.75,529.90,0.07007,,,,21.20,,,,,,,,,,,,,,,,,
2021-02-13,47105.52,1814.11,1.00,0.629,226.23,28.02,663.68,0.9057,133.45,34.10,0.9999,47123.27,263.90,0.5599,5.49,240.56,,,0.05962,,,21.81,494.56,0.06645,,,,,,,,,,,,,,,,,,,,,
2021-02-14,48717.29,1805.08,1.00,0.5942,214.43,27.10,724.02,0.8484,136.43,33.29,1.00,48696.93,262.40,0.5176,5.10,230.70,,,,,,20.93,471.61,0.06254,,,,19.24,,,,,,,,,,,,,,,,,
2021-02-15,47945.06,1779.79,1.00,0.5489,207.68,27.78,712.43,0.861,129.57,32.58,1.00,47959.19,238.64,0.4938,4.70,227.51,,,,,,20.06,455.61,0.05659,,,,22.46,,,,,,,,,,,,,,,,,
2021-02-16,49199.87,1781.07,1.00,0.5208,210.55,30.16,707.29,0.871,130.06,31.97,1.00,49110.09,236.85,0.4866,4.65,221.28,,,,,,20.46,431.53,0.05352,,,,25.19,,,,,,,,,,,,,,,,,
2021-02-17,52149.01,1848.46,1.00,0.5355,236.97,31.99,716.70,0.8909,164.67,32.26,0.9998,52193.26,244.37,0.497,4.84,271.00,,,,,,21.49,449.60,0.04938,,,,23.86,,,,,,,,,,,,,,,,,
2021-02-18,51679.80,1937.45,1.00,0.5324,226.87,31.18,705.99,0.9141,195.93,32.44,1.00,51684.30,240.54,0.4975,4.84,262.19,,,,,,21.16,440.51,0.05954,,,,23.14,,,,,,,,,,,,,,,,,
2021-02-19,55888.13,1960.16,1.00,0.567,236.68,34.79,720.82,0.9276,332.62,34.72,1.00,55759.78,,0.5136,5.24,283.48,,,,,,20.07,422.24,0.05514,,,,22.87,,,25.91,,,,,,,,,,,,,,
2021-02-20,56099.52,1919.53,1.00,0.5175,227.62,39.24,682.18,1.12,255.95,34.11,0.9999,55937.40,,0.488,4.87,256.04,0.5088,,,,,29.14,442.02,0.05438,,,,21.76,,,,,,,,,,,,,,,,,
2021-02-21,57539.94,1935.60,1.00,0.5486,227.23,39.70,707.59,1.10,293.92,34.15,0.9999,57557.97,,0.4988,5.11,,0.5665,,,,,28.83,435.85,0.05598,,,,21.59,,,25.34,,,,,,,,,,,,,,
2021-02-22,54207.32,1781.99,1.00,0.5717,208.11,37.69,630.35,1.10,267.51,31.53,1.00,54191.46,,0.467,4.71,,0.6963,,,,,27.72,400.88,0.05373,,,,21.31,,,,0.2203,,,,,,,,,,,,,
2021-02-23,48824.43,1570.20,1.00,0.4736,176.93,34.30,513.19,0.9547,230.99,25.80,1.00,48617.61,,0.3865,,219.53,0.5362,,,,,24.58,359.50,0.04739,,,,20.13,,,,,15.20,,,,,,,,,,,,
2021-02-24,49705.33,1626.58,1.00,0.4718,181.38,33.63,527.04,1.05,254.36,28.09,1.00,49437.06,,0.4072,,,0.5346,,,,,25.26,367.23,0.05656,,,,19.50,,,,0.1601,17.30,,,,,,,,,,,,
2021-02-25,47093.85,1475.70,1.00,0.4345,178.90,31.08,496.91,1.08,233.89,24.67,1.00,47041.73,,0.3813,,,0.4953,,,,,23.27,337.50,0.05017,,,,17.76,,,,0.1555,13.82,,,,,,,,,,,,
2021-02-26,46339.76,1446.03,1,0.4279,170.40,31.35,484.51,1.24,221.68,25.19,1,46178.60,,0.4007,,204.10,0.5166,,,,,23.07,323.11,0.05048,,,,18.82,,,,0.155,,,,,,,,,,,,,
2021-02-27,46188.45,1459.97,1.00,0.4378,172.10,33.45,483.75,1.32,225.25,26.24,1.00,45958.59,,0.4415,,209.31,0.5816,,,,,23.45,334.36,0.05008,,,,19.17,,,,0.1512,,,,,,,,,,,,,
2021-02-28,45137.77,1416.05,1.00,0.415,164.93,33.61,459.91,1.31,209.57,24.66,1.00,45290.68,,0.4067,,217.99,0.6041,,,,,22.19,344.87,0.04805,,,,17.62,,,,,13.09,,,,,,,,,,,,
2021-03-01,49631.24,1564.71,1.00,0.4472,175.24,35.58,500.95,1.29,254.63,27.61,0.9998,49528.86,,0.4303,,230.23,0.6626,,,,,25.44,385.42,0.0506,,,,18.61,,,,,14.96,,,,,,,,,,,,
2021-03-02,48378.99,1492.61,1.00,0.4368,177.87,36.15,517.01,1.23,239.52,28.51,1.00,48205.64,,0.4196,,220.96,0.7729,3.75,,,,25.61,390.93,0.05026,,,,18.82,,,,,,,,,,,,,,,,,
2021-03-03,50538.24,1575.85,1.00,0.4503,188.53,37.04,523.58,1.22,241.09,29.99,1.00,50582.25,,0.4221,,219.83,0.7953,4.00,,,,25.47,396.31,0.05059,,,,21.44,,,,,,,,,,,,,,,,,
2021-03-04,48561.17,1541.91,1.00,0.4866,181.08,35.33,506.87,1.11,229.95,27.72,1.00,48463.64,,0.4132,,217.37,0.6985,4.48,,,,28.26,374.57,0.05005,,,,18.92,,,,,,,,,,,,,,,,,
2021-03-05,48927.30,1533.27,1.00,0.4581,180.77,33.72,498.99,1.17,226.37,27.88,1.00,48602.87,,0.4062,,,0.726,4.15,,,,28.35,367.13,0.04961,,,,18.69,,,,,,1.33,,,,,,,,,,,
2021-03-06,48912.38,1654.74,1.00,0.4651,182.98,33.43,501.21,1.13,226.67,28.17,0.9999,48975.89,,0.4033,,,0.7432,4.14,,,,28.48,382.02,0.05098,,,,18.93,,,,0.1543,,,,,,,,,,,,,
2021-03-07,51206.69,1723.15,1.00,0.4669,190.76,35.19,516.17,1.13,240.18,28.55,1,51406.18,,0.4128,,,0.7082,4.34,,,,34.28,407.15,0.05212,,,,19.49,,,,0.1598,,,,,,,,,,,,,
2021-03-08,52246.52,1834.73,1.00,0.4736,191.93,34.91,529.00,1.12,240.32,31.70,1,52028.68,,0.4175,,,0.7084,4.91,,,0.0654,33.29,430.63,0.06195,,,,19.36,,,,,,,,,,,,,,,,,
2021-03-09,54824.12,1868.05,1.00,0.486,203.64,38.19,545.03,1.20,293.46,31.50,1.00,54635.77,,0.4327,,,0.7009,5.38,,,,32.86,439.33,0.058,,,,21.13,,,,,,,11.71,,,,,,,,,,
2021-03-10,56008.55,1799.17,1.00,0.4632,200.52,37.57,546.84,1.14,279.36,29.95,1.00,56132.18,,0.4108,,,0.6088,6.56,,,,30.97,408.26,0.056,,,,19.64,,,,,,,11.15,,,,,,,,,,
2021-03-11,57805.12,1826.19,1.00,0.453,201.25,36.88,549.78,1.12,289.79,30.08,1.00,57778.80,,0.4059,,,0.5871,7.00,,,0.06728,31.03,403.51,0.05592,,,,,,,,0.1903,,,,,,,,,,,,,
2021-03-12,57332.09,1772.10,1.00,0.4411,220.83,35.99,539.22,1.04,263.69,28.46,1.00,57230.42,,0.3879,,,,6.97,,,0.0659,31.01,374.71,0.05535,,,,,,,,0.1904,,,14.16,,,,,,,,,,
2021-03-13,61243.08,1924.69,0.9998,0.4599,226.58,37.16,596.23,1.10,276.10,29.78,1.00,61086.44,,0.4083,,,,6.84,,,0.06759,32.53,405.39,0.06243,,,,,,,,0.1983,,,14.59,,,,,,,,,,
2021-03-14,59302.32,1854.56,0.9998,0.4421,215.30,36.58,557.76,1.06,264.64,28.79,1,59399.41,,0.3915,,,,7.39,,,0.06663,30.80,381.08,0.05859,,,,,,,,0.186,,,15.87,,,,,,,,,,
2021-03-15,55907.20,1791.70,1.00,0.4376,201.26,34.36,523.93,1.03,254.66,27.49,1.00,55848.68,,0.3855,,,,6.76,,,0.07876,29.82,369.02,0.05709,,,,,,,,0.1753,,,16.34,,,,,,,,,,
2021-03-16,56804.90,1806.97,1.00,0.4626,201.04,35.43,528.16,1.24,258.10,27.92,1,56518.73,,0.3957,,,,7.01,,,0.07438,29.93,371.22,0.05861,,,,,,,,0.194,,,19.88,,,,,,,,,,
2021-03-17,58870.89,1823.45,0.9991,0.4724,206.07,36.14,540.85,1.38,269.85,31.01,0.9989,58921.40,,0.4047,,,,7.84,,,0.07663,31.34,,0.05765,,,,,,,,0.1974,,,18.59,89.27,,,,,,,,,
2021-03-18,57858.92,1782.86,1.00,0.4729,200.54,35.52,529.76,1.24,261.70,29.50,1.00,57878.70,,0.3976,,,,8.46,,,0.07777,30.03,,0.05738,,,,,,,,0.2216,,,19.01,79.69,,,,,,,,,
2021-03-19,58346.65,1817.62,1.00,0.4712,201.06,38.27,535.14,1.30,264.06,29.91,1.00,58265.00,,0.3983,,,,8.25,,,0.08134,33.26,,0.05833,,,,,,,,0.2432,,,20.01,83.32,,,,,,,,,
2021-03-20,58313.64,1812.63,1.00,0.527,200.81,37.35,539.14,1.21,264.74,29.68,1.00,58320.95,,0.4175,,,,8.35,,,0.08937,32.20,,0.05896,,,,,,,,0.2172,,,20.89,82.45,,,,,,,,,
2021-03-21,57523.42,1788.22,1.00,0.5198,196.43,36.79,526.56,1.19,264.89,29.27,1.00,57493.49,,0.405,,,,9.60,,,0.0941,32.68,,0.05723,,,,,,,,0.2225,,,21.98,81.00,,,,,,,,,
2021-03-22,54529.15,1691.33,1.00,0.5499,187.08,35.54,513.34,1.11,255.90,27.40,1.00,54507.57,,0.3967,,,,10.13,,,0.08889,32.96,,0.05496,,,,,,,,0.2169,,,19.43,76.78,,,,,,,,,
2021-03-23,54738.94,1678.65,1.00,0.5566,187.39,34.46,516.25,1.12,255.69,26.92,1.00,54722.18,,0.4001,,,,12.91,,,0.08345,31.10,,0.05356,,,,,,,,0.2146,,,17.05,82.45,,,,,,,,,
2021-03-24,52774.26,1593.41,1.00,0.4888,177.65,30.44,480.12,1.08,249.85,25.05,1.00,52814.37,,0.3686,,,,11.40,,,0.08535,27.60,,0.0517,,,,,,,,0.2187,,,16.69,86.37,,,,,,,,,
2021-03-25,51704.16,1595.36,1.00,0.5175,173.06,29.98,478.29,1.10,234.89,25.70,1.00,51704.32,,0.3659,,,,13.17,,,,26.68,,0.05145,,,,,,,,0.2066,,,16.45,90.84,2.83,,,,,,,,
2021-03-26,55137.31,1702.84,1.00,0.5671,184.28,33.20,509.02,1.21,255.10,27.40,1.00,55028.76,,0.3875,,,,12.73,,,0.08999,28.97,,0.05395,,,,,,,,,,,18.53,124.07,3.29,,,,,,,,
2021-03-27,55973.51,1716.49,1.00,0.5504,184.83,32.66,503.66,1.18,269.10,26.88,1.00,55962.30,,0.3847,,,,11.88,,,0.08911,28.13,,0.05438,,,,,,,,,,,18.75,133.18,3.41,,,,,,,,
2021-03-28,55950.75,1691.36,1.00,0.5508,185.03,32.30,501.00,1.19,269.19,26.70,1.00,55948.61,,0.3993,,,,12.94,,,0.09121,27.84,,0.0537,,,,,,,,,,,18.59,125.45,3.72,,,,,,,,
2021-03-29,57750.20,1819.68,0.9998,0.5679,194.47,34.37,520.64,1.20,275.21,28.05,1.00,57659.20,,0.4079,,,,13.14,,,0.09209,29.12,,0.05405,,,,,,,,,,,18.90,127.53,4.26,,,,,,,,
2021-03-30,58917.69,1846.03,1.00,0.5669,196.68,34.07,527.70,1.21,311.43,27.90,1.00,58864.74,,0.4059,,,,12.98,,,0.08969,28.49,,0.0539,,,,,,,,,,,18.67,149.66,4.25,,,,,,,,
2021-03-31,58918.83,1918.36,1.00,0.5739,197.50,37.03,543.24,1.19,302.06,29.35,0.9996,59067.01,,0.4109,,,,12.37,0.09231,,,27.99,,0.05366,,,,,,,,,,,18.70,191.36,4.11,,,,,,,,
2021-04-01,59095.81,1977.28,1.00,0.5793,204.11,37.67,561.66,1.19,335.21,30.23,1.00,59071.53,,0.4325,,,,11.60,0.08612,,,28.74,,0.06199,,,,,,,,,,,18.52,188.18,4.08,,,,,,,,
2021-04-02,59384.31,2143.23,1.00,0.6166,213.23,41.16,585.71,1.20,339.01,32.53,1.00,59351.16,,0.4466,,,,11.78,,,,30.18,,0.05766,,,,,,,,,,,18.57,171.98,4.04,0.007166,,,,,,,
2021-04-03,57603.89,2028.42,1.00,0.5909,197.15,41.65,536.68,1.17,323.13,29.53,1.00,57611.91,,0.4181,,,,11.54,0.1021,,,29.55,,0.0558,,,,,,,,,,,,178.85,3.76,0.007262,,,,,,,
2021-04-04,58758.56,2093.12,1.00,0.6467,204.04,44.65,566.51,1.19,351.62,30.96,1.00,58592.26,,0.4378,,,,11.92,0.1294,,,31.07,,0.0574,,,,,,,,,,,,183.78,3.82,0.01068,,,,,,,
2021-04-05,59057.88,2107.89,1.00,0.9205,221.07,45.80,648.56,1.21,367.77,32.40,1.00,58570.26,,0.5364,,,,11.61,0.1367,,,30.79,,0.0597,,,,,,,,,,,17.56,176.78,3.31,,,,,,,,
2021-04-06,58192.36,2118.38,1.00,1.10,237.66,43.43,667.75,1.26,403.59,34.80,1.00,58027.45,,0.5427,,,,11.73,0.1244,,0.1127,31.32,,0.06446,,,,,,,,,,,,166.03,3.50,,,,,,,,
2021-04-07,56048.94,1971.08,1.00,0.9176,219.42,39.59,618.60,1.18,374.66,31.18,1.00,56272.28,,0.4733,,,,12.31,0.1103,,,28.59,,0.05903,,,,,,,,,26.48,,,156.49,3.21,,,,,,,,
2021-04-08,58323.95,2088.57,1.00,1.05,227.00,41.37,647.56,1.22,418.04,32.74,1.00,58232.91,,0.5068,,,,12.90,0.1231,,0.1172,30.22,,0.06146,,,,,,,,,,,,154.60,3.25,,,,,,,,
2021-04-09,58245.00,2072.11,1.00,1.02,221.86,40.85,635.71,1.20,453.18,31.63,1.00,58269.93,,0.4864,,,,12.65,0.1159,,0.1266,29.56,,0.06168,,,,,,,,,,,,172.52,3.25,,,,,,,,
2021-04-10,59793.24,2135.94,1.00,1.37,255.62,41.63,673.96,1.22,472.56,31.90,1.00,59746.69,,0.5618,,,,12.38,0.126,,0.1426,29.79,,0.06384,,,,,,,,,,,,174.76,3.07,,,,,,,,
2021-04-11,60204.96,2157.66,1.00,1.36,253.63,41.42,696.61,1.27,525.39,33.92,1.00,60154.70,,0.5888,,,,12.23,0.1224,,0.1397,29.98,,0.07465,,,,,,,,,27.93,,,179.18,,,,,,,,,
2021-04-12,59893.45,2139.35,0.9999,1.47,244.49,40.50,674.79,1.32,598.72,33.11,1.00,59927.62,,0.5906,,,,12.12,0.129,,0.1289,36.75,,0.07077,,,,,,,,,28.51,,,168.18,,,,,,,,,
2021-04-13,63503.46,2299.19,0.9993,1.79,266.98,42.95,746.87,1.41,549.59,35.46,0.9995,63436.58,,0.6554,,,,12.40,0.1463,,0.153,35.32,,0.09344,,,,,,,,,27.44,,,163.97,,,,,,,,,
2021-04-14,63109.70,2435.11,1.00,1.84,279.75,42.64,818.70,1.46,549.59,41.42,1.00,63127.86,,0.6367,7.68,,,12.20,0.1407,,0.1687,36.15,,0.1215,,,,,,,,,,,,168.19,,,,,,,,,
2021-04-15,63314.01,2519.12,1.00,1.77,286.59,43.52,868.16,1.48,542.63,42.75,1.00,63187.94,,0.641,7.89,,,12.61,0.1646,,0.1766,37.85,,0.1822,,,,,,,,,,,,171.22,,,,,,,,,
2021-04-16,61572.79,2431.95,1.00,1.56,310.61,41.54,1110.65,1.42,510.22,42.10,1.00,61647.08,441.39,0.6133,,,,14.28,0.1621,,0.2381,36.28,,0.3659,,,,,,,,,,,,183.25,,,,,,,,,
2021-04-17,60683.82,2344.89,1.01,1.56,304.76,42.54,1006.32,1.38,520.42,40.37,1.01,60753.67,,0.5993,7.88,,,13.41,0.1574,,0.2276,35.10,,0.2842,,,,,,,,,,,,182.69,,,,,,,,,
2021-04-18,56216.19,2237.14,1.00,1.41,273.10,37.35,965.68,1.28,481.03,39.07,1.00,56190.56,,0.5447,,,,11.76,0.1429,,0.2546,31.75,,0.3205,,,,,,,,,32.30,,,156.31,,,,,,,,,
2021-04-19,55724.27,2166.19,0.9999,1.32,261.92,34.82,894.13,1.20,505.09,35.88,1,55744.01,,0.5012,,,,10.82,0.1302,,0.2293,31.45,,0.4073,,,,,,,,,31.68,,,154.86,,,,,,,,,
2021-04-20,56473.03,2330.21,0.9999,1.38,260.94,35.44,940.99,1.27,587.03,38.95,1.00,56477.14,,0.5279,,,,11.74,0.133,,0.252,31.96,,0.3195,,,,,,,,,31.77,,,153.70,,,,,,,,,
2021-04-21,53906.09,2364.75,0.9999,1.30,258.81,33.87,913.91,1.21,546.02,36.44,1.00,54024.75,,0.4921,,,,11.06,0.1231,,0.2272,33.60,,0.3069,,,,,,,,,32.51,,,148.28,,,,,,,,,
2021-04-22,51762.27,2403.54,1.00,1.16,253.08,32.99,854.08,1.15,506.01,35.23,1.00,51667.88,,0.4503,,,,9.94,0.1101,,0.1908,34.13,,0.261,,,,,,,,,38.88,,,145.83,,,,,,,,,
2021-04-23,51093.65,2363.59,1.00,1.17,241.36,32.23,838.85,1.16,526.57,35.06,1,51133.24,,0.4509,,,,9.94,0.109,,0.2013,32.88,,0.2485,,,,,,,,,36.98,,,138.89,,,,,,,,,
2021-04-24,50050.87,2211.63,0.9999,1.05,224.84,28.93,769.18,1.10,496.42,31.13,1.00,50092.58,,0.4257,,,,8.65,0.1027,,0.1783,30.12,,0.2702,,,,,,,,,40.74,,,133.54,,,,,,,,,
2021-04-25,49004.25,2316.06,0.9999,1.03,223.63,29.76,757.71,1.09,505.08,31.54,1.00,49134.73,,0.4164,,,,9.15,0.1015,,0.1678,33.89,,0.2511,,,,,,,,,47.37,,,133.93,,,,,,,,,
2021-04-26,54021.75,2534.48,1.00,1.37,247.41,33.41,849.47,1.23,534.58,35.14,1,54092.55,,0.4856,,,,10.75,0.1173,,0.1889,37.95,,0.2707,,,,,,,,,43.98,,,154.29,,,,,,,,,
2021-04-27,55033.12,2662.87,1.00,1.40,259.65,34.70,887.86,1.31,568.47,36.81,0.9999,55047.09,,0.5095,,,,11.26,0.1258,,0.2089,39.61,,0.2722,,,,,,,,,43.24,,,152.29,,,,,,,,,
2021-04-28,54824.70,2746.38,1.00,1.36,258.51,33.97,909.85,1.34,562.63,36.22,1.00,54830.59,,0.4973,,,,11.06,0.1227,,0.1986,42.80,,0.3237,,,,,,,,,44.83,,,150.94,,,,,,,,,
2021-04-29,53555.11,2756.88,1,1.40,255.59,35.97,880.67,1.31,599.71,36.45,1.00,53647.60,,0.4918,,,,10.91,0.1213,,0.1914,41.03,,0.3052,,,,,,,,,42.46,,,149.80,,,,,,,,,
2021-04-30,57750.18,2773.21,1.00,1.59,271.17,36.54,993.43,1.35,624.08,38.13,0.9998,57880.63,,0.5295,,,,11.19,0.1322,,0.2011,40.70,,0.3376,,,,,,,,,42.96,,,163.89,,,,,,,,,
2021-05-01,57828.05,2945.89,1.00,1.65,276.83,36.93,1005.08,1.35,619.35,41.12,1.00,57790.95,,0.5398,,,,11.47,0.1311,,0.2042,40.20,,0.393,,,,,,,,,49.51,,,164.38,,,,,,,,,
2021-05-02,56631.08,2952.06,1.00,1.56,269.10,36.65,974.66,1.33,622.10,39.50,0.9999,56381.79,,0.5595,,,,10.96,0.1277,,0.216,42.33,,0.376,,,,,,,,,46.89,,,162.58,,,,,,,,,
2021-05-03,57200.29,3431.09,1.00,1.56,294.70,37.26,1017.30,1.36,675.68,42.06,1.00,57419.66,,0.5521,,,,11.47,0.1316,,0.2108,42.32,,0.4417,,,,,,,,,45.93,,,160.31,,,,,,,,,
2021-05-04,53333.54,3253.63,1,1.39,306.23,34.85,955.18,1.27,611.20,45.69,1.00,53304.36,,0.5033,,,,10.22,0.1194,,0.1886,43.16,,0.5413,,,,,,,,,42.73,,,140.92,,,,,,,,,
2021-05-05,57424.01,3522.78,0.9999,1.61,356.04,40.50,1454.94,1.48,651.66,49.43,1.00,,,0.6034,,,,10.99,0.1464,,0.2073,42.50,,0.6576,,,,,,,,,44.92,,,152.31,,,94.27,,,,,,
2021-05-06,56396.51,3490.88,1.00,1.60,353.51,41.53,1505.77,1.65,633.28,47.13,1.00,,,0.651,11.43,,,10.87,0.1518,,0.2153,40.22,,0.5808,,,,,,,,,43.46,,,,,,134.10,,,,,,
2021-05-07,57356.40,3484.73,1.00,1.58,346.25,39.93,1343.25,1.65,624.56,49.31,1.00,,,0.6304,,,,11.54,0.1477,,0.2308,39.78,,0.6848,,,,,,,,,43.16,,,150.43,,,120.13,,,,,,
2021-05-08,58803.78,3902.65,1.00,1.56,346.37,39.83,1402.37,1.62,646.10,48.61,1.00,,,0.6166,,,,12.34,0.1431,,0.2233,40.41,,0.6364,,,,,,,,,45.56,,,148.02,,,126.49,,,,,,
2021-05-09,58232.32,3928.84,1.00,1.54,386.45,40.31,1428.53,1.77,662.23,52.20,1.00,,,0.6286,,,,11.95,0.1429,,0.2338,39.43,,0.5701,,,,,,,,,44.33,,,146.42,,,117.38,,,,,,
2021-05-10,55859.80,3952.29,1.00,1.39,359.33,36.54,1321.40,1.64,631.35,46.47,1.00,56110.16,,0.6596,,,,10.50,,,0.2028,36.39,,0.45,,,,,,,,,42.91,,,,,,105.03,0.00003503,,,,,
2021-05-11,56704.57,4168.70,1,1.48,377.39,38.64,1542.43,1.76,672.33,48.75,1.00,,,0.73,14.37,,,,,,0.2128,38.49,,0.4952,,,,,,,,,44.58,,,,,,111.14,0.00003062,364.79,,,,
2021-05-12,49150.53,3785.85,1,1.25,303.08,34.03,1209.81,1.55,588.19,41.03,1.00,,,0.5887,10.28,,,9.04,,,0.1646,36.04,,0.3854,,,,,,,,,42.46,,,,,,82.76,,255.49,,,,
2021-05-13,49716.19,3715.15,0.9999,1.36,316.91,40.03,1251.69,1.93,571.43,43.09,0.9998,,,0.6442,10.65,,,9.78,,,0.1821,37.37,,0.4904,,,,,,,,,41.00,,,,,,87.77,,300.02,,,,
2021-05-14,49880.53,4079.06,1,1.40,326.23,47.95,1298.66,2.00,603.13,46.55,1,,,0.668,11.18,,,10.00,,,0.1867,40.33,,0.5596,,,,,,,,,42.72,,,,,,104.12,,304.19,,,,
2021-05-15,46760.19,3638.12,0.9998,1.49,299.77,43.54,1170.35,2.17,563.04,41.50,1.00,,,0.6762,10.23,,,,,,0.1721,36.58,,0.508,,,,,,,,,43.46,,,,,,95.17,,246.02,1.61,,,
2021-05-16,46456.06,3587.51,1,1.45,296.63,42.63,1168.73,2.31,562.83,40.74,1.00,,,0.7143,10.12,,,,,,0.1767,36.56,,0.5149,,,,,,,,,47.20,,,,,,93.79,,225.09,1.71,,,
2021-05-17,43537.51,3282.40,0.9998,1.50,281.77,38.71,1068.66,2.03,511.96,37.19,1.00,,,0.6456,,,,9.69,,,0.158,33.29,,0.4879,,,,,,,,,46.86,,,,,,89.94,,195.95,1.73,,,
2021-05-18,42909.40,3380.07,1.00,1.59,294.62,40.65,1091.55,2.00,508.02,42.55,1.00,,,0.6471,,,,9.79,,,0.1621,35.07,,0.4761,,,,,,,,,55.91,,,,,,88.68,,164.36,2.45,,,
2021-05-19,37002.44,2460.68,1.00,1.07,189.52,25.23,706.80,1.48,339.03,26.70,0.9999,,,0.4504,,,,,,,0.1077,23.43,,0.3331,0.9998,,,,,,,,35.11,,,,,,60.12,,124.28,1.66,,,
2021-05-20,40782.74,2784.29,1.00,1.19,212.28,29.15,821.60,1.81,393.61,30.78,0.9999,,,0.4976,,,,,,,0.1318,26.39,,0.4002,0.9998,,,,,,,,44.74,,,,,,74.06,,165.56,1.84,,,
2021-05-21,37304.69,2430.62,1.00,1.01,180.20,24.46,687.96,1.55,326.30,25.58,1.00,,,0.4194,,,,,,,0.1087,21.90,,0.3594,1.00,,,,,,,,38.81,,,,,,64.05,,146.15,1.48,,,
2021-05-22,37536.63,2295.71,1.00,0.9063,169.59,22.01,631.78,1.46,299.50,23.29,1.00,37619.24,,0.39,,,,6.87,,,,20.38,,0.3424,1.00,,,,,,,,31.32,,,,,,,,145.95,1.19,,,
2021-05-23,34770.58,2109.58,1.00,0.797,143.52,18.03,556.14,1.33,262.95,20.01,1.00,34904.08,,0.3678,,,,,,,,16.84,,0.3081,1.00,,,,,,,,24.69,,,,,,51.96,,144.61,1.09,,,
2021-05-24,38705.98,2643.59,1.00,0.9928,183.99,23.20,748.42,1.55,345.31,26.36,1.00,,,0.4397,,,,,,,0.112,24.63,,0.3662,1.00,,,,,,,,31.28,,,,,,73.42,,148.16,1.72,,,
2021-05-25,38402.22,2706.63,1.00,0.9762,183.50,22.13,719.95,1.56,344.11,27.63,0.9999,,,0.4288,,,,,,,0.1124,25.20,,0.3463,1.00,,,,,,,,30.00,,,,,,78.24,,134.04,1.94,,,
2021-05-26,39294.20,2888.70,1.00,1.03,199.22,24.55,765.05,1.78,379.85,33.98,1.00,,,0.4447,,,,,,,0.1331,29.37,,0.3537,1.00,,,,,,,,35.54,,,,,,79.93,,143.42,2.21,,,
2021-05-27,38436.97,2736.49,1.00,0.9702,193.12,23.85,745.96,1.65,367.66,31.51,1.00,,,0.4186,,,,,,,0.1233,28.37,,0.3329,1.00,,,,,,,,33.58,,,,,,74.31,,130.81,2.03,,,
2021-05-28,35697.61,2419.91,1.00,0.9001,177.32,21.41,689.95,1.51,329.88,27.95,1.00,,,0.3988,,,,,,,0.1083,25.92,,0.3112,1.00,,,,,,,,29.04,,,,,,68.36,,115.77,1.82,,,
2021-05-29,34616.07,2279.51,1.00,0.8318,163.81,19.86,651.58,1.41,305.05,25.40,0.9999,34692.25,,0.3672,,,,,,,,23.18,,0.3031,0.9997,,,,,,,,27.38,,,,,,64.28,,110.52,1.70,,,
2021-05-30,35678.13,2390.31,1.00,0.9066,170.98,20.47,663.51,1.58,325.78,26.87,0.9995,,,0.3757,,,,,,,0.1076,25.74,,0.3022,0.9995,,,,,,,,28.60,,,,,,66.37,,111.35,1.86,,,
2021-05-31,37332.85,2714.95,1.00,1.05,188.03,23.43,703.88,1.74,354.33,32.09,1.00,,,0.4034,,,,,,,0.1262,28.37,,0.3258,1.00,,,,,,,,32.82,,,,,,70.22,,114.80,1.88,,,
2021-06-01,36684.92,2633.52,1.00,1.01,182.98,22.81,691.40,1.73,362.79,30.70,1.00,,,0.4177,,,,,,,0.1207,27.40,,0.3701,1.00,,,,,,,,30.99,,,,,,67.79,,107.59,1.82,,,
2021-06-02,37575.18,2706.12,1.00,1.02,187.26,25.96,697.91,1.75,401.26,30.66,1.00,,,0.419,,,,7.94,,,0.1258,27.63,,0.4234,1.00,,,,,,,,33.96,,,,,,,,107.46,1.80,,,
2021-06-03,39208.77,2855.13,1.00,1.05,193.09,27.01,718.45,1.84,427.81,32.19,1.00,,,0.4253,,,,9.57,,,0.1427,28.63,,0.4,1.00,,,,,,,,39.47,,,,,,,,124.55,1.82,,,
2021-06-04,36894.41,2688.19,1.00,0.9702,178.87,25.01,671.14,1.71,391.40,28.88,1.00,,,0.385,,,,8.91,,,0.1293,26.44,,0.3763,1.00,,,,,,,,37.42,,,,,,,,108.98,1.63,,,
2021-06-05,35551.96,2630.58,1.00,0.9233,173.03,23.82,649.44,1.66,390.43,27.13,1.00,,,0.3754,,,,8.98,,,0.1252,25.61,,0.3722,1.00,,,,,,,,39.59,,,,,,,,104.75,1.53,,,
2021-06-06,35862.38,2715.09,1.00,0.9453,176.64,24.20,657.50,1.68,393.82,27.55,1.00,,,0.3813,,,,8.85,,,0.1286,25.91,,0.3718,1.00,,,,,,,,42.31,,,,,,,,104.59,1.58,,,
2021-06-07,33560.71,2590.26,1.00,0.8612,161.73,21.63,596.08,1.56,357.31,24.53,1.00,,,0.3462,,,,8.69,,,0.1144,24.20,,0.331,1.00,,,,,,,,38.26,,,,,,,,91.10,1.48,,,
2021-06-08,33472.63,2517.44,1.00,0.8758,161.16,21.75,597.09,1.59,354.00,24.17,1.00,,,0.3506,,,,9.01,,,0.1135,23.53,,0.3277,1.00,,,,,,,,41.52,,,,,,,,81.64,1.49,,,
2021-06-09,37345.12,2608.27,1.00,0.92,172.14,23.18,633.14,1.62,375.73,25.57,1,,,0.3643,,,,9.38,,,0.12,25.13,,0.3433,1,,,,,,,,42.03,,,,,,,,81.54,1.49,,,
2021-06-10,36702.60,2471.52,1.00,0.8692,168.20,22.68,602.85,1.53,352.18,23.10,1.00,,,0.3392,,,,8.73,,,0.1119,23.60,,0.3264,1.00,,,,,,,,41.10,,,,,,,,66.59,1.36,,,
2021-06-11,37334.40,2353.77,1.00,0.8485,162.88,20.99,578.27,1.44,345.93,21.48,1.00,37259.92,,0.3187,,,,7.96,,,,21.85,,0.3194,1.00,,,,,,,,36.05,,,,,,,,58.24,1.25,,,
2021-06-12,35552.52,2372.48,1.00,0.8327,162.01,20.78,580.53,1.48,343.74,21.69,1.00,,,0.3283,,,,7.83,,,0.106,21.32,,0.3121,1.00,,,,,,,,36.44,,,,,,,,61.21,1.34,,,
2021-06-13,39097.86,2508.39,0.9997,0.8832,170.93,22.08,614.35,1.56,366.65,23.34,0.9996,38899.30,,0.3447,,,,8.78,,,,23.27,,0.3244,0.9995,,,,,,,,38.77,,,,,,,,64.57,1.47,,,
2021-06-14,40536.07,2583.05,1.00,0.8916,180.00,25.94,640.05,1.58,370.25,24.99,1.00,40489.12,,0.3433,,,,9.07,,,,24.18,,0.3278,1.00,,,,,,,,39.71,,,,,,,,66.83,1.55,,,
2021-06-15,40155.30,2546.59,1.00,0.8667,175.41,23.99,628.60,1.56,366.74,24.57,1.00,40214.31,,0.3339,,,,8.92,,,,23.46,,0.3205,1.00,,,,,,,,39.49,,,,,,,,60.33,1.63,,,
2021-06-16,38347.06,2367.66,1.00,0.8319,166.46,22.97,593.05,1.48,347.03,23.02,1.00,38333.13,,0.3174,,,,8.95,,,,21.83,,0.3078,1.00,,,,,,,,39.70,,,,,,,,55.23,1.48,,,
2021-06-17,38053.50,2372.00,1.00,0.8414,167.06,22.51,599.36,1.48,352.74,23.36,1.00,38009.70,,0.3176,,,,9.50,,,,22.15,,0.3065,1.00,,,,,,,,39.26,,,,,,,,54.01,1.50,,,
2021-06-18,35787.24,2231.73,1.00,0.7976,156.36,21.40,563.29,1.42,336.81,21.21,1.00,35772.05,,,,,,8.97,,,,20.39,,0.2935,1.00,,,,,,,,36.65,,,65.68,,,,,48.11,1.38,,,
2021-06-19,35615.87,2178.50,1.00,0.7617,153.30,20.36,554.90,1.39,335.71,20.42,1.00,35607.28,,0.2908,,,,8.93,,,,19.91,,0.2874,1.00,,,,,,,,35.35,,,,,,,,49.07,1.36,,,
2021-06-20,35698.30,2246.36,1.00,0.7764,155.09,20.67,557.53,1.43,340.07,21.74,1.00,35670.93,,0.2976,,,,8.72,,,0.09872,20.81,,0.2809,1.00,,,,,,,,35.32,,,,,,,,,1.40,,,
2021-06-21,31676.69,1888.45,1.00,0.6104,124.79,15.77,456.29,1.18,270.98,17.42,1.00,31662.64,,0.2367,,,,6.52,,,,15.85,,0.1787,1.00,1.00,,,,,,,26.66,,,,,,,,,1.10,,,
2021-06-22,32505.66,1874.95,1.00,0.5451,119.60,14.65,443.78,1.15,261.82,16.81,1.00,32448.80,,0.2346,,,,6.45,,,,16.38,,0.191,1.00,1.00,,,,,,,26.77,,,,,,,,,1.07,,,
2021-06-23,33653.67,1968.64,1.00,0.6379,128.93,15.78,473.28,1.25,296.07,18.37,1.00,33676.04,,0.2557,,,,6.90,,,,17.81,,0.2354,1.00,1.00,,,,,,,30.75,,,,,,,,,1.18,,,
2021-06-24,34662.44,1988.46,1.00,0.672,134.48,16.25,486.21,1.36,308.40,19.04,1.00,34668.04,,0.2678,,,,7.29,,,0.08054,18.05,,0.2628,1.00,,,,,,,,31.18,,,,,,,,,1.20,,,
2021-06-25,31637.78,1813.22,0.9998,0.6133,125.69,14.47,451.92,1.26,281.62,16.93,1.00,31733.60,,0.2426,,,,6.70,,,,15.91,,0.2392,1.00,1.00,,,,,,,28.70,,,,,,,,,1.05,,,
2021-06-26,32186.28,1829.24,1.00,0.6154,126.66,14.50,458.78,1.25,279.44,16.96,1.00,32055.93,,0.2493,,,,6.58,,,,16.10,,0.2448,1.00,1.00,,,,,,,29.71,,,,,,,,,1.08,,,
2021-06-27,34649.64,1978.89,1.00,0.6469,132.35,15.02,476.89,1.34,290.57,18.34,1.00,34590.69,,0.2586,,,,6.89,,,,17.10,,0.2644,1.00,,,,,,,,31.93,,,,,,,,42.90,1.11,,,
2021-06-28,34434.34,2079.66,0.9999,0.6437,137.37,15.74,500.67,1.32,289.53,18.77,0.9999,34366.26,,0.2635,,,,6.90,,,,17.68,,0.2569,0.9999,,,,,,,,32.93,,,,,,,,50.20,1.12,,,
2021-06-29,35867.78,2160.77,1.00,0.7017,143.70,16.25,522.27,1.37,300.21,19.46,1.00,35900.98,,0.2808,,,,7.08,,,,18.55,,0.2628,1.00,,,,,,,,33.87,,,,,,,,54.07,1.17,,,
2021-06-30,35040.84,2274.55,1.00,0.7064,144.14,16.40,526.30,1.38,303.30,19.50,1.00,35090.36,,,,,,6.91,,,,19.28,,0.2542,1,,,,,,,,35.56,,,,,,57.63,,49.91,1.17,,,
2021-07-01,33572.12,2113.61,1.00,0.6612,137.58,15.28,498.19,1.34,288.22,18.27,1.00,33519.05,,0.2697,,,,6.33,,,,17.87,,0.2445,1.00,,,,,,,,33.40,,,,,,,,45.84,1.08,,,
2021-07-02,33897.05,2150.04,1.00,0.6568,136.94,15.34,496.35,1.39,287.42,18.28,1.00,33824.26,,0.2634,,,,6.25,,,,18.24,,0.2453,1.00,,,,,,,,34.02,,,,,,53.77,,,1.10,,,
2021-07-03,34668.55,2226.11,1,0.6729,140.28,15.55,505.32,1.41,298.24,18.54,1,34676.99,,,,,,6.27,,,,19.52,,0.2464,0.9998,,,,,,,,34.48,,,,,,56.83,,48.81,1.12,,,
2021-07-04,35287.78,2321.72,0.9995,0.6949,144.91,16.01,526.43,1.46,307.73,19.26,0.9995,35289.76,,,,,,6.35,,,,20.77,,0.2465,0.9994,,,,,,,,34.31,,,,,,56.25,,46.85,1.15,,,
2021-07-05,33746.00,2198.58,1.00,0.6543,138.07,15.24,505.06,1.40,302.38,18.37,1.00,33806.66,,,,,,5.95,,,,20.10,,0.2316,1.00,,,,,,,,32.98,,,,,,53.68,,46.28,1.10,,,
2021-07-06,34235.19,2324.68,1.00,0.6654,138.99,16.14,511.67,1.42,320.93,20.08,1.00,34189.37,,,,,,6.13,,,,22.40,,0.2344,1.00,,,,,,,,34.27,,,,,,54.71,,46.20,1.13,,,
2021-07-07,33855.33,2315.16,1.00,0.6516,137.37,16.86,508.86,1.40,327.52,19.76,1.00,33880.79,,,,,,6.37,,,,22.23,,0.2241,1.00,,,,,,,,36.59,,,,,,52.81,,45.36,1.13,,,
2021-07-08,32877.37,2120.03,0.9999,0.6231,132.31,15.34,490.99,1.33,310.43,18.42,0.9999,32844.55,,0.2434,,,,6.15,,,,20.40,,0.2076,0.9999,,,,,,,,33.20,,,,,,49.62,,,1.04,,,
2021-07-09,33798.01,2146.69,0.9996,0.6368,134.57,15.67,504.06,1.35,316.48,18.63,0.9998,33860.87,,0.2458,,,,6.06,,,,20.99,,0.2199,0.9998,,,,,,,,33.26,,,,,,50.12,,,1.05,,,
2021-07-10,33520.52,2111.40,1,0.6255,133.99,15.29,497.50,1.34,316.14,18.21,1.00,33516.69,,0.2453,,,,5.90,,,,20.24,,0.2139,1.00,,,,,,,,31.79,,,,,,49.17,,,1.03,,,
2021-07-11,34240.19,2139.66,1.00,0.6359,134.25,15.48,498.21,1.35,322.03,18.36,1.00,34253.77,,0.2462,,,,5.93,,,,20.68,,0.2159,1.00,,,,,,,,32.18,,,,,,49.69,,,1.04,,,
2021-07-12,33155.85,2036.72,1.00,0.6302,133.54,14.87,480.84,1.32,316.33,17.55,1.00,33209.69,,0.2393,,,,5.58,,,,19.59,,0.208,1.00,,,,,,,,30.85,,,,,,47.81,,,0.997,,,
2021-07-13,32702.03,1940.08,0.9999,0.6195,131.32,14.19,465.41,1.27,308.81,16.87,1.00,32691.94,,0.2327,,,,,,,,18.44,,0.2,1.00,1.00,,,,,,,29.12,,,,,,,,38.90,0.9457,,,
2021-07-14,32822.35,1994.33,1.00,0.6203,131.06,13.80,467.73,1.26,309.41,16.95,1,32804.84,,0.2401,,,,,,,,17.87,,0.1973,1.00,1.00,,,,,,,31.28,,,,,,45.66,,,0.9287,,,
2021-07-15,31780.73,1911.18,0.9999,0.5969,125.49,13.08,454.63,1.22,315.24,15.68,1.00,31650.25,,0.241,,,,,,,,17.00,,0.1849,1.00,1.00,,,,,,,28.45,,,,,,43.16,,,0.8768,,,
2021-07-16,31421.54,1880.38,1.00,0.5908,121.04,12.05,439.78,1.17,302.99,15.26,1.00,31484.58,,0.2364,,,,,,,,16.41,,0.1723,1.00,1.00,,,,,,,26.37,,,,,,41.26,,,0.8126,,,
2021-07-17,31533.07,1898.83,1.00,0.5824,120.03,12.29,437.04,1.17,300.50,15.36,1.00,31570.67,,0.233,,,,,,,,16.11,,0.1861,1.00,1.00,,,,,,,26.72,,,,,,41.45,,,0.8015,,,
2021-07-18,31796.81,1895.55,1.00,0.5879,119.51,12.68,439.65,1.18,302.48,15.50,1.00,31763.18,,0.2307,,,,,,,,16.36,,0.1822,1.00,1.00,,,,,,,26.75,,,,,,41.99,,,0.7955,,,
2021-07-19,30817.83,1817.30,1.00,0.5576,113.16,11.43,415.69,1.12,280.02,14.51,1.00,30828.95,,0.2115,,,,,,,,15.69,,0.1736,1.00,1.00,,,,,,,24.45,,,,,,41.51,,,0.7307,,,
2021-07-20,29807.35,1787.51,1.00,0.5293,107.40,10.98,399.57,1.06,264.78,13.78,1.00,29707.06,,0.2124,,,,,,,,14.60,,0.1708,1.00,1.00,,,,,,,23.49,,,,,,39.39,,,0.6901,,,
2021-07-21,32110.69,1990.97,1.00,0.57,117.46,12.31,430.44,1.17,292.53,15.27,1.00,32092.53,,0.2278,,,,,,,,16.68,,0.1903,1.00,1.00,,,,,,,26.62,,,,,,42.86,,,0.888,,,
2021-07-22,32313.11,2025.20,1.00,0.5922,120.74,13.16,442.82,1.19,293.64,16.09,1.00,32331.96,,0.2636,,,,,,,,17.60,,0.1913,1.00,1.00,,,,,,,27.70,,,,,,43.41,,,0.8806,,,
2021-07-23,33581.55,2124.78,1.00,0.6092,124.25,13.40,455.78,1.21,299.28,16.51,1.00,33569.31,,0.2695,,,,,,,,18.62,,0.1948,1.00,1.00,,,,,,,28.51,,,,,,45.79,,,0.9492,,,
2021-07-24,34292.45,2189.22,1.00,0.6098,126.19,13.81,460.15,1.23,302.07,16.71,1.00,34253.60,,0.2677,,,,,,,,18.28,,0.1973,1.00,,,,,,,,28.70,,,,,,49.48,,43.46,0.9493,,,
2021-07-25,35350.19,2191.37,1.00,0.6064,127.60,13.71,456.02,1.23,302.44,16.76,0.9996,35268.89,,0.2617,,,,6.13,,,,18.27,,0.1979,0.9996,,,,,,,,28.17,,,,,,48.46,,,0.9399,,,
2021-07-26,37337.53,2233.37,1.00,0.6256,131.36,13.95,482.88,1.26,304.48,18.09,1.00,37394.28,,0.2615,,,,5.64,,,,18.57,,0.2044,0.9999,,,,,,,,28.31,,,,,,48.53,,,1.02,,,
2021-07-27,39406.94,2298.33,1.00,0.6446,134.62,14.38,502.30,1.28,313.60,19.50,1.00,39128.19,,0.2631,,,,5.97,,,,18.88,,0.2059,0.9999,,,,,,,,28.07,,,,,,49.45,,,1.04,,,
2021-07-28,39995.91,2296.55,1.00,0.7254,139.84,14.54,510.14,1.28,313.43,19.03,0.9998,39992.65,,0.2689,,,,5.80,,,,19.02,,0.2054,1,,,,,,,,27.82,,,,,,49.17,,,1.02,,,
2021-07-29,40008.42,2380.96,1.00,0.748,141.32,15.24,538.30,1.28,316.75,19.35,1.00,40040.90,,0.2723,,,,6.03,,,,19.54,,0.2046,1.00,,,,,,,,31.28,,,,,,49.25,,,1.03,,,
2021-07-30,42235.55,2466.96,1.00,0.7521,145.78,15.84,552.74,1.31,322.91,22.32,0.9998,42054.40,,0.2794,,,,5.99,,,,20.97,,0.2088,0.9999,,,,,,,,32.39,,,,,,51.09,,,1.07,,,
2021-07-31,41626.20,2536.21,1.00,0.7478,144.93,16.85,547.80,1.32,333.55,22.75,0.9998,41713.56,,0.2857,,,,6.11,,,,21.81,,0.2083,0.9998,,,,,,,,36.83,,,,,,51.42,,,1.08,,,
2021-08-01,39974.90,2561.85,1.00,0.7259,140.74,18.41,527.84,1.32,333.48,22.13,1.00,40007.87,,0.2762,,,,5.77,,,,22.03,,0.2044,1.00,,,,,,,,34.25,,,,,,50.42,,,1.05,,,
2021-08-02,39201.95,2610.15,1.00,0.7392,141.51,18.02,543.99,1.31,331.10,23.48,1.00,39131.12,,0.2746,,,,5.83,,,,22.41,,0.2036,1.00,,,,,,,,33.22,,,,,,51.37,,,1.05,,,
2021-08-03,38152.98,2502.35,1.00,0.7127,138.29,17.34,536.99,1.37,322.75,23.88,1.00,38145.42,,0.2742,,,,,,,,21.28,,0.196,1.00,,,,,,,,34.00,,14.72,,,,49.37,,,1.02,,,
2021-08-04,39747.51,2724.62,1.00,0.7305,142.62,19.16,545.97,1.38,334.92,24.19,1.00,39804.08,,0.2804,,,,6.07,,,,23.53,,0.2015,1.00,,,,,,,,35.76,,,,,,51.61,,,1.05,,,
2021-08-05,40869.55,2827.33,1.00,0.7332,143.44,19.13,548.60,1.39,337.87,24.05,0.9996,40895.67,,0.2804,,,,7.09,,,,25.44,,0.201,0.9998,,,,,,,,37.36,,,,,,52.46,,,1.06,,,
2021-08-06,42816.50,2890.94,1.00,0.7465,147.80,20.40,556.44,1.40,342.14,23.86,0.9998,42881.55,,0.2847,,,,6.87,,,,26.16,,0.2047,0.9999,,,,,,,,39.45,,,,,,53.00,,,1.08,,,
2021-08-07,44555.80,3157.24,1.00,0.8163,155.86,20.97,583.13,1.47,355.74,24.63,0.9999,44459.35,,0.3063,,,,,,,,28.19,,0.2603,0.9998,,,,,,,,39.40,,,,,,60.54,,61.84,1.17,,,
2021-08-08,43798.12,3013.73,1.00,0.7787,149.85,19.68,556.10,1.43,342.06,23.05,0.9996,43832.59,,0.2873,,,,,,,,26.72,,0.24,0.9995,,,,,,,,37.67,,,,,,57.16,,55.24,1.08,,,
2021-08-09,46365.40,3167.86,1.00,0.8186,166.52,20.62,592.49,1.48,354.97,24.29,0.9998,46282.23,,0.2992,,,,,,,,28.40,,0.2569,0.9999,,,,,,,,38.77,,,,,,59.16,,64.48,1.13,,,
2021-08-10,45585.03,3141.69,1.00,0.8512,165.46,20.61,592.38,1.67,371.95,24.57,0.9999,45588.17,,0.31,,,,,,,,28.76,,0.2573,0.9999,,,,,,,,40.64,,,,,,58.87,,71.54,1.16,,,
2021-08-11,45593.64,3164.25,1.00,1.01,170.94,21.40,621.19,1.80,391.76,25.95,0.9999,45656.47,,0.3379,,,,,,,,29.00,,0.2653,1.00,,,,,,,,41.74,,,,,,60.90,,67.40,1.37,,,
2021-08-12,44428.29,3043.41,1.00,0.9645,165.13,20.75,605.01,1.82,385.82,24.92,1.00,44331.19,,0.3273,,,,,,,,28.05,,0.2639,1.00,,,,,,,,41.10,,,,,,59.98,,63.97,1.32,,,
2021-08-13,47793.32,3322.21,1.00,1.09,183.29,22.71,653.96,2.14,410.94,27.73,0.9995,47822.36,,0.3601,,,,,,,,30.57,,0.2868,0.9997,,,,,,,,44.89,,,,,,64.24,,68.10,1.51,,,
2021-08-14,47096.95,3265.44,1.00,1.28,182.71,22.86,689.11,2.19,409.03,27.16,1,47081.77,,0.395,,,,,,,,30.14,,0.2931,0.9999,,,,,,,,44.11,,,,,,67.08,,64.28,1.44,,,
2021-08-15,47047.00,3310.50,1.00,1.29,184.90,23.17,703.19,2.17,414.60,27.90,0.9998,47186.21,,0.3916,,,,,,,0.1392,30.25,,0.3414,0.9998,,,,,,,,53.75,,,,,,74.90,,,1.47,,,
2021-08-16,46004.48,3156.51,1.00,1.19,178.85,24.54,675.85,2.08,417.47,28.08,1.00,46012.88,,0.3732,,,,,,,,29.20,,0.3207,1.00,,,,,,,,62.43,,22.00,,,,69.39,,,1.43,,,
2021-08-17,44695.36,3014.85,1.00,1.10,168.84,23.53,638.80,1.93,401.91,26.16,1.00,44669.03,,0.3417,,,,,,,,26.42,,0.2994,1.00,,,,,,,,64.21,,25.23,,,,62.95,,,1.35,,,
2021-08-18,44801.19,3020.09,1.00,1.15,167.40,23.95,634.43,2.11,398.25,25.51,1.00,44809.69,,,,,,,,,,26.58,,0.3037,1.00,,,,,,,,72.54,,30.84,,,,64.05,,58.67,1.34,,,
2021-08-19,46717.58,3182.70,0.9997,1.23,175.49,26.55,658.89,2.43,430.99,27.06,0.9996,46710.85,,0.3671,,,,,,,,27.96,,0.3171,0.9998,,,,,,,,72.76,,29.40,,,,,,67.06,1.47,,,
2021-08-20,49339.18,3286.94,1.00,1.26,183.63,28.15,693.68,2.46,454.94,28.70,1.00,49250.19,,0.3853,,,,,,,,28.87,,0.3275,1.00,,,,,,,,78.72,,30.65,,,,,,67.89,1.55,,,
2021-08-21,48905.49,3226.08,1.00,1.22,179.74,27.87,676.06,2.44,448.92,27.86,0.9999,48973.22,,,,,,,,,,28.25,,0.3168,1.00,,,,,,,,73.76,,27.55,,,,67.54,,64.59,1.58,,,
2021-08-22,49321.65,3242.12,1.00,1.23,186.31,27.74,672.62,2.71,449.05,28.02,1.00,49351.13,,0.3731,,,,,,,,28.43,,0.315,1.00,,,,,,,,72.80,,28.03,,,,,,64.82,1.63,,,
2021-08-23,49546.15,3319.26,1.00,1.25,187.11,27.89,677.71,2.92,499.89,28.55,1.00,49520.92,,0.3787,,,,,,,,28.79,,0.3179,1.00,,,,,,,,75.71,,29.92,,,,,,65.68,1.62,,,
2021-08-24,47706.12,3172.46,1.00,1.14,173.58,25.08,637.41,2.72,471.60,25.75,1.00,47795.17,,,,,,,,,,26.65,,0.2887,1.00,,,,,55.35,,,70.67,,29.67,,,,,,59.29,1.47,,,
2021-08-25,48960.79,3224.92,1.00,1.17,177.60,25.94,649.31,2.74,502.79,26.52,1.00,48967.06,,0.3585,,,,,,,,27.02,,0.2922,1.00,,,,,,,,71.95,,29.99,,,,,,62.05,1.53,,,
2021-08-26,46942.22,3100.33,1.00,1.08,168.09,23.98,607.40,2.54,479.01,24.43,1.00,46927.92,,0.3363,,,,,,,,25.56,,0.2689,1.00,,,,,,,,75.32,,27.01,,,,,,56.65,1.38,,,
2021-08-27,49058.67,3270.60,1.00,1.19,175.98,26.57,635.27,2.94,494.50,26.02,0.9999,48982.71,,,,,,,,,,27.37,,0.2944,1.00,,,,,50.08,,,88.09,,32.66,,,,,,62.72,1.52,,,
2021-08-28,48902.40,3244.40,1.00,1.15,175.45,25.97,647.30,2.85,486.20,25.73,1.00,48849.91,,,,,,,,,,26.82,,0.2856,1,,,,,50.20,,,96.70,,34.96,,,,,,65.03,1.46,,,
2021-08-29,48829.83,3227.00,1.00,1.14,174.70,25.73,660.17,2.86,480.28,25.81,1.00,48829.47,,,,,,,,,,26.81,,0.2811,1.00,,,,,47.51,,,94.47,,33.33,,,,,,72.12,1.42,,,
2021-08-30,47054.98,3224.37,1.00,1.10,167.42,26.04,631.66,2.73,459.49,24.98,1.00,46990.55,,,,,,,,,,26.78,,0.2721,1.00,,,,,,,,110.54,,33.47,,,,61.77,,64.89,1.31,,,
2021-08-31,47166.69,3433.73,1.00,1.19,171.66,31.47,636.77,2.77,464.42,26.75,1.00,47486.03,,,,,,,,,,29.42,,0.2785,1.00,,,,,,,,108.48,,31.56,,,,63.93,,62.96,1.34,,,
2021-09-01,48847.03,3834.83,1.00,1.23,180.97,33.14,656.82,2.87,490.07,29.74,0.9998,48977.07,,,,,,,,,,31.30,,0.2944,1,,,,,,,,111.03,,31.66,,,,68.97,,66.23,1.47,,,
2021-09-02,49327.72,3790.99,1.00,1.26,183.62,31.81,664.84,2.96,483.92,29.99,1.00,49459.68,,,,,,,,,0.1433,29.98,,0.296,1,,,,,,,,128.10,,32.87,,,,,,64.65,1.45,,,
2021-09-03,50025.37,3940.61,1.00,1.29,212.97,33.67,712.82,2.97,488.60,30.78,0.9998,50029.29,,,,,,,,,0.1433,28.67,,0.2963,0.9999,,,,,,,,146.58,,31.74,,,,,,65.87,1.46,,,
2021-09-04,49944.63,3887.83,1.00,1.26,212.36,32.42,709.57,2.83,498.08,29.90,0.9999,50168.63,,,,,,,,,,28.62,,0.2994,1.00,,,,,,,,139.11,,31.41,94.90,,,,,78.67,1.73,,,
2021-09-05,51753.41,3952.13,1.00,1.31,231.33,34.41,764.20,2.91,504.62,33.50,0.9996,,,,,,,,,,,29.36,,0.3145,0.9998,,,,,48.18,,,142.07,,34.49,113.60,,,,,79.27,1.68,,,
2021-09-06,52633.54,3928.38,0.9999,1.39,219.53,34.31,784.37,2.83,495.93,34.78,0.9995,52565.64,,,,,,,,,,28.86,,0.3088,0.9994,,,,,,,,164.38,,32.35,106.24,,,,,79.31,1.64,,,
2021-09-07,46811.13,3426.39,1.00,1.13,178.11,27.83,672.25,2.50,417.51,28.11,1.00,46838.81,,,,,,,,,,24.25,,0.2537,1.00,,,,,,,,173.15,,27.79,83.97,,,,,60.99,1.35,,,
2021-09-08,46091.39,3497.32,1.00,1.10,179.72,27.71,662.19,2.47,415.11,27.15,1.00,46230.41,,,,,,,,,,23.18,,0.2571,1.00,,,,,,,,191.04,,29.43,88.21,,,,,60.86,,1.92,,
2021-09-09,46391.42,3427.34,1.00,1.09,180.38,29.84,661.23,2.52,421.27,27.98,1.00,46382.96,,,,,,,,,,23.31,,0.2526,1.00,,,,,,,,188.20,,30.51,,,,,,60.70,,2.31,79.87,
2021-09-10,44883.91,3211.51,1.00,1.06,174.30,29.22,629.42,2.39,401.62,26.39,1.00,44807.08,,,,,,,,,,22.32,,0.24,1.00,,,,,49.19,,,179.87,,43.54,,,,,,56.84,,2.00,,
2021-09-11,45201.46,3270.28,1.00,1.08,178.69,31.59,635.88,2.63,405.53,27.04,1.00,45183.80,,,,,,,,,,22.75,,0.2414,1.00,,,,,57.16,,,178.87,,39.09,,,,,,58.08,,1.98,,
2021-09-12,46063.27,3410.13,0.9997,1.12,183.23,35.77,647.33,2.58,416.68,29.38,0.9995,46113.17,,,,,,,,,,23.69,,0.2506,0.9996,,,,,59.26,,,174.54,,39.23,,,,,,59.54,,2.38,,
2021-09-13,44963.07,3285.51,1.00,1.06,179.48,34.77,615.13,2.40,399.06,26.92,1.00,45017.09,,,,,,,,,,22.66,,0.2359,1.00,,,,,53.11,,,169.27,,37.19,,,,,,55.02,,2.16,,
2021-09-14,47092.49,3429.17,1.00,1.10,183.14,37.38,639.97,2.40,414.24,30.75,1.00,47070.90,,,,,,,,,,25.65,,0.2407,1.00,,,,,51.58,,,158.09,,35.67,,,,,,56.83,,2.04,,
2021-09-15,48176.35,3615.28,1.00,1.12,189.24,36.46,652.48,2.50,431.42,30.78,1.00,48186.67,,,,,,,,,,27.46,,0.2477,0.9999,,,,,57.63,,,159.12,,36.69,,,,,,61.49,,2.02,,
2021-09-16,47783.36,3571.29,1.00,1.09,185.54,35.55,639.57,2.42,424.65,29.83,1.00,47830.71,,,,,,,,,,26.27,,0.2426,1.00,,,,,67.84,,,152.47,,37.52,,,,,,57.96,,2.04,,
2021-09-17,47267.52,3398.54,0.9996,1.07,179.68,33.02,620.56,2.35,406.63,27.69,0.9998,47228.11,,,,,,,,,,24.29,,0.2399,0.9996,,,,,69.93,,,147.59,,34.43,,,,,,,1.42,1.92,,
2021-09-18,48278.36,3432.02,0.9995,1.08,181.31,34.90,630.22,2.37,410.81,28.39,0.9994,48246.54,,,,,,,,,,24.54,,0.2414,0.9993,,,,,69.01,,,169.18,,34.78,,,,,,58.58,,2.07,,
2021-09-19,47260.22,3329.45,1.00,1.05,175.74,33.80,609.28,2.28,408.47,27.40,1.00,47241.55,,,,,,,,,,23.92,,0.2331,1.00,,,44.54,,70.08,,,152.52,,32.96,,,,,,,,1.97,,
2021-09-20,42843.80,2958.99,0.9999,0.9172,156.46,28.05,540.88,2.06,361.97,23.43,1.00,42910.76,,,,,,,,,,20.76,,0.2071,1.00,,,,,56.68,,,132.13,,27.22,74.07,,,,,,,1.65,,
2021-09-21,40693.68,2764.43,1.00,0.8763,148.39,26.32,504.02,1.99,344.53,21.43,1.00,40619.19,,,,,,,,,,19.04,,0.201,1.00,,,,,59.02,,,123.95,,25.15,69.45,,,,,,,1.57,,
2021-09-22,43574.51,3077.87,1.00,1.00,161.41,31.61,547.65,2.27,379.44,24.49,0.9996,43555.65,,,,,,,,,,21.64,,0.2249,0.9996,,,39.98,,74.19,,,147.92,,33.27,,,,,,,,1.84,,
2021-09-23,44895.10,3155.52,1.00,1.00,163.82,33.54,552.30,2.33,383.82,25.45,1.00,44875.34,,,,,,,,,,21.53,,0.2248,1.00,,,41.52,,76.42,,,149.75,,36.20,,,,,,,,2.01,,
2021-09-24,42839.75,2931.67,1.00,0.9459,152.23,30.84,513.61,2.28,355.32,23.28,1.00,42810.40,,,,,,,,,,19.67,,0.2095,1.00,,,42.79,,72.40,,,139.40,,40.20,,,,,,,,1.79,,
2021-09-25,42716.59,2925.57,1.00,0.9413,151.18,29.84,517.90,2.30,349.88,24.52,1.00,42724.37,,,,,,,,,,19.50,,0.2086,1.00,,,39.52,,68.38,,,136.18,,37.91,,,,,,,,1.73,,
2021-09-26,43208.54,3062.27,1.00,0.9447,150.64,28.83,503.67,2.21,344.18,24.60,1.00,43258.68,,,,,,,,,,24.03,,0.205,1.00,,,39.62,,66.86,,,135.70,,34.64,,,,,,,,1.77,,
2021-09-27,42235.73,2934.14,1.00,0.9237,145.35,27.77,489.01,2.14,336.19,23.07,1.00,42256.57,,,,,,,,,,22.45,,0.2003,1.00,,,37.34,,66.51,,,136.73,,36.91,,,,,,,,1.67,,
2021-09-28,41034.54,2807.30,1.00,0.8937,140.60,26.33,474.52,2.04,333.03,22.10,1.00,41040.37,,,,,,,,,,23.06,,0.1968,1.00,,,33.67,,61.52,,,131.54,,33.16,,,,,,,,1.56,,
2021-09-29,41564.36,2853.14,1.00,0.9283,144.92,27.27,485.42,2.07,367.99,22.88,1.00,41529.93,,,,,,,,,,23.05,,0.1989,1.00,,,33.95,,65.52,,,135.35,,34.19,,,,,,,,1.61,,
2021-09-30,43790.90,3001.68,1.00,0.9526,153.15,28.58,502.50,2.11,387.06,23.99,1.00,43763.16,,,,,,,,,,23.53,,0.2042,1.00,,,36.21,,66.77,,,141.07,,38.60,,,,,,,,1.63,,
2021-10-01,48116.94,3307.52,1.00,1.04,166.13,31.97,543.30,2.26,421.64,26.30,0.9995,48131.40,,,,,,,,,,25.64,,0.223,0.9996,,,,,67.57,,,161.68,,37.74,,,,,,51.84,,1.77,,
2021-10-02,47711.49,3391.69,1.00,1.04,169.26,32.12,552.63,2.25,428.10,26.95,0.9998,47744.94,,,,,,,,,,26.18,,0.2191,1,,,,,69.22,,,169.09,,41.48,,,,,,,1.30,1.78,,
2021-10-03,48199.95,3418.36,1.00,1.06,170.61,32.11,570.50,2.25,430.51,27.56,0.9997,48234.77,,,,,,,,,,26.00,,0.2217,0.9997,,,,,68.72,,,172.59,,42.74,,,,,,,1.33,1.99,,
2021-10-04,49112.90,3380.09,0.9998,1.04,167.54,31.04,551.60,2.19,425.75,26.56,0.9994,49086.17,,,,,,,,,,25.30,,0.2409,0.9996,,,,,65.16,,,166.73,,46.72,,,,,,,1.27,1.93,,
2021-10-05,51514.81,3518.52,1.00,1.09,173.89,31.43,594.04,2.23,442.71,27.24,0.9998,51482.85,,,,,,,,,,25.66,,0.252,1,,,,,64.65,,,164.12,,44.71,,,,,,54.43,,1.95,,
2021-10-06,55361.45,3580.56,1.00,1.08,178.71,32.29,618.74,2.21,435.40,26.84,1,55372.36,,,,,,,,,,25.29,,0.2551,1.00,,,,,60.11,,,154.11,,41.95,,,,,0.00002797,,,1.82,,
2021-10-07,53805.99,3587.97,1.00,1.07,178.77,33.97,612.16,2.28,438.76,26.83,1.00,53884.40,,,,,,,,,,25.54,,0.2429,1.00,,,,,61.49,,,154.28,,46.54,,,,,0.00002264,,,1.89,,
2021-10-08,53967.85,3563.76,1.00,1.06,175.97,33.37,595.77,2.24,419.10,26.40,0.9998,53959.81,,,,,,,,,,24.77,,0.2439,0.9999,,,,,60.52,,,158.95,,43.29,,,,,0.00002735,,,1.90,,
2021-10-09,54968.22,3575.72,1.00,1.16,179.66,36.33,614.48,2.27,421.55,27.42,0.9999,55051.03,,,,,,,,,,25.13,,0.2466,0.9999,,,,,60.57,,,156.83,,42.47,,,,,0.00002671,,,1.89,,
2021-10-10,54771.58,3425.85,1.00,1.14,175.32,34.47,586.64,2.20,405.07,25.65,1.00,54837.97,,,,,,,,,,24.25,,0.2298,1.00,,,,,56.59,,,148.05,,39.37,,,,,0.00002622,,,1.77,,
2021-10-11,57484.79,3545.35,1.00,1.14,179.43,34.18,601.81,2.17,413.46,25.26,1.00,57536.64,,,,,,,,,,24.16,,0.2315,1.00,,,,,55.30,,,144.86,,39.21,,,,,0.00003077,,,1.72,,
2021-10-12,56041.06,3492.57,1.00,1.10,172.80,35.16,587.45,2.12,443.87,24.62,1,56056.80,,,,,,,,,,23.47,,0.2262,1,,,,,54.36,,,152.74,,37.60,,,,,0.00002905,,,1.74,,
2021-10-13,57401.10,3606.20,1.00,1.13,177.63,41.62,594.51,2.19,470.75,25.61,1.00,57433.72,,,,,,,,,,24.67,,0.2326,1.00,,,,,55.15,,,148.18,,36.62,,,,,0.00002911,,,1.84,,
2021-10-14,57321.53,3786.01,1.00,1.13,180.12,40.76,597.62,2.17,472.02,26.65,0.9997,57488.42,,,,,,,,,,26.40,,0.2323,0.9999,,,,,56.08,,,149.76,,37.15,,,,,0.00002741,,,1.80,,
2021-10-15,61593.95,3862.63,0.9992,1.14,188.81,43.16,624.50,2.21,473.70,26.94,0.9992,61630.56,,,,,,,,,,25.85,,0.2338,0.9992,,,,,56.25,,,162.60,,36.95,,,,,,,1.58,1.75,,
2021-10-16,60892.18,3830.38,1.00,1.14,186.19,41.76,626.32,2.18,465.64,27.23,1,60903.71,,,,,,,,,,27.01,,0.2373,0.9999,,,,,57.48,,,157.54,,36.59,,,,,0.0000257,,,1.80,,
2021-10-17,61553.62,3847.10,1.00,1.09,183.73,42.07,611.69,2.16,470.63,26.54,1.00,61557.81,,,,,,,,,,25.93,,0.2379,1.00,,,,,56.08,,,159.74,,36.19,,,,,0.00002779,,,1.77,,
2021-10-18,62026.08,3748.76,1.00,1.08,185.56,41.18,611.17,2.13,485.11,25.70,1.00,62039.26,,,,,,,,,,25.65,,0.2473,1.00,,,,,55.47,,,157.23,,35.82,,,,,0.0000287,,,1.74,,
2021-10-19,64261.99,3877.65,1.00,1.09,188.94,41.38,619.08,2.11,488.15,25.94,0.9999,64304.82,,,,,,,,,,26.07,,0.2458,1.00,,,,,56.82,,,156.02,,37.73,,,,,0.00002803,,,1.71,,
2021-10-20,65992.84,4155.99,0.9999,1.14,206.87,44.35,644.40,2.19,501.02,27.42,0.9996,66072.20,,,,,,,,,,27.04,,0.2541,0.9997,,,,,59.56,,,175.95,,42.55,,,,,0.00002927,,,1.79,,
2021-10-21,62210.17,4054.32,1.00,1.09,196.87,42.85,623.74,2.14,471.26,28.27,1.00,62291.11,,,,,,,,,,26.11,,0.2424,1.00,,,,,61.31,,,190.32,,40.91,,,,,0.00002749,,,1.78,,
2021-10-22,60692.26,3970.18,0.9999,1.09,190.82,43.45,623.59,2.15,478.64,28.66,1.00,60729.88,,,,,,,,,,25.64,,0.2442,1.00,,,,,65.46,,,196.43,,43.62,,,,,0.0000279,,,1.86,,
2021-10-23,61393.62,4171.66,1.00,1.09,196.31,44.05,629.46,2.17,485.91,31.46,1.00,61412.63,,,,,,,,,,26.84,,0.2517,1.00,,,,,65.46,,,197.70,,43.19,,,,,0.00003386,,,1.91,,
2021-10-24,60930.84,4087.90,1.00,1.08,190.91,42.39,617.86,2.12,476.63,29.77,1.00,60966.90,,,,,,,,,,25.84,,0.277,1.00,,,,,64.52,,,202.36,,41.48,,,,,0.00003582,,,1.82,,
2021-10-25,63039.83,4217.88,0.9994,1.10,195.30,44.53,621.69,2.14,484.65,32.46,0.9997,63087.22,,,,,,,,,,26.71,,0.2647,0.9996,,,,,69.82,,,210.10,,42.79,,,,,0.00004217,,,2.04,,
2021-10-26,60363.79,4131.10,1.00,1.11,197.47,44.88,,2.14,478.03,32.50,1.00,60446.08,,,,,,,,,,26.56,,0.2557,1.00,,,,,68.87,,,199.81,,43.87,,,,,0.0000478,,1.74,2.04,,
2021-10-27,58482.39,3930.26,1.00,0.9955,179.33,40.41,,1.91,449.01,28.89,1.00,58572.05,,,,,,,,,,24.15,,0.2377,1.00,,,,,61.52,,,183.77,,39.87,,,,,0.00008,,1.76,1.79,,
2021-10-28,60622.14,4287.32,1.00,1.06,189.98,41.86,,1.99,492.02,30.23,0.9999,60720.64,,,,,,,,,,24.94,,0.3004,1.00,,,,,64.43,,,194.86,,42.96,,,,,0.00006847,,2.13,1.85,,
2021-10-29,62227.96,4414.75,1.00,1.08,196.34,44.07,,2.01,529.62,30.93,0.9998,62281.42,,,,,,,,,,25.41,,0.2879,0.9999,,,,,64.77,,,200.18,,45.58,,,,,0.00007482,,2.02,1.87,,
2021-10-30,61888.83,4325.65,1.00,1.08,190.48,42.75,,1.96,527.92,29.78,1.00,61806.47,,,,,,,,,,24.91,,0.2683,0.9999,,,,,62.42,,,195.42,,43.34,,,,,0.00006506,,1.87,1.82,,
2021-10-31,61318.96,4288.07,1.00,1.11,191.82,42.74,,1.97,524.36,29.99,0.9997,61380.59,,,,,,,,,,24.99,,0.2802,0.9997,,,,,64.29,,,202.42,,42.89,,,,,0.00006724,,1.94,1.83,,
2021-11-01,61004.41,4324.63,1.00,1.09,197.55,49.98,,1.95,551.26,31.57,0.9999,61054.31,,,,,,,,,,25.63,,0.2717,0.9997,,,,,65.07,,,203.55,,44.06,,,,,0.00007167,,1.90,1.83,,
2021-11-02,63226.40,4584.80,1.00,1.14,200.72,51.63,,1.97,554.45,32.27,0.9999,63261.32,,,,,,,,,,26.17,,0.2731,1.00,,,,,67.58,,,220.24,,44.76,,,,,0.00006892,,1.94,1.86,,
2021-11-03,62970.05,4607.19,1.00,1.21,207.11,53.44,,2.06,568.58,31.99,1.00,63216.79,,,,,,,,,,26.86,,0.2694,1.00,,,,,75.43,,,242.90,,48.06,,,,,0.00005515,,2.03,1.93,,
2021-11-04,61452.23,4537.32,1.00,1.20,202.97,53.88,,1.98,559.74,31.02,1.00,61496.23,,,,,,,,,,25.79,,0.2633,1.00,,,,,79.29,,,247.39,,51.92,,,,,0.00004937,,1.92,1.86,,
2021-11-05,61125.67,4486.24,1.00,1.16,199.54,51.89,,1.99,608.65,32.92,1.00,61212.69,,,,,,,,,,25.61,,0.2615,1.00,,,,,74.36,,,236.47,,49.97,,,,,0.00006245,,1.90,1.85,,
2021-11-06,61527.48,4521.58,1.00,1.15,197.87,52.01,,2.01,636.11,32.08,1.00,61540.99,,,,,,,,,,25.18,,0.2619,1.00,,,,,78.69,,,258.93,,51.18,,,,,0.00005856,,1.88,1.84,,
2021-11-07,63326.99,4620.55,1.00,1.22,202.05,52.28,,2.02,650.45,32.35,1.00,63331.40,,,,,,,,,,25.35,,0.2663,1.00,,,,,87.71,,,249.82,,50.61,,,,,0.00005689,,1.88,1.87,,
2021-11-08,67566.83,4812.09,1.00,1.28,228.70,53.35,,2.12,654.32,34.48,0.9998,67549.23,,,,,,,,,,26.25,,0.2824,0.9997,,,,,91.18,,,248.47,,54.16,,,,,0.00005527,,1.89,2.05,,
2021-11-09,66971.83,4735.07,1.00,1.26,262.91,50.78,716.32,2.27,635.19,33.86,1.00,67017.89,,,,,,,,,,26.38,,0.2735,0.9999,,,,,88.45,,,239.21,,50.24,,,,,0.00005487,,1.78,,,
2021-11-10,64995.23,4636.17,1.00,1.19,261.26,46.87,666.69,2.10,615.28,34.34,0.9995,64089.13,,,,,,,,,,25.34,,0.2557,0.9999,,,,,85.30,,,233.78,,48.79,,,,,0.00005048,,,1.93,,
2021-11-11,64949.96,4730.38,1.00,1.22,263.09,47.65,676.99,2.09,629.89,34.84,0.9999,65114.20,,,,,,,,,,25.46,,0.2612,1.00,,,,,88.06,,,234.24,,50.60,,,,,0.00005664,,,2.03,,
2021-11-12,64155.94,4667.12,1.00,1.19,251.56,45.88,668.28,2.05,626.64,34.27,0.9993,64214.86,,,,,,,,,,24.58,,0.2594,0.9981,,,,,84.72,,,228.50,,49.56,,,,,0.00005232,,,2.15,,
2021-11-13,64469.53,4651.46,1.00,1.19,258.09,47.13,666.96,2.05,650.10,34.06,1.00,65546.47,,,,,,,,,,24.69,,0.2617,0.9999,,,,,97.26,,,241.83,,52.17,,,,,0.00005168,,,2.08,,
2021-11-14,65466.84,4626.36,1.00,1.19,278.01,46.40,678.74,2.04,650.92,33.78,0.9996,64581.36,,,,,,,,,,24.57,,0.2629,1,,,,,95.40,,,238.43,,51.07,,,,,0.00005322,,,1.98,,
2021-11-15,63557.87,4557.50,1.00,1.17,262.76,44.69,665.64,2.02,633.05,32.01,0.9996,63480.94,,,,,,,,,,23.96,,0.2565,0.9987,,,,,93.55,,,237.55,,48.05,,,,,0.00005331,,1.69,,,
2021-11-16,60161.25,4216.37,1.00,1.09,230.60,40.90,599.50,1.88,589.82,29.23,1.00,59078.88,,,,,,,,,,21.71,,0.2372,1.00,,,,,97.98,,,219.24,,43.25,,,,,0.00004849,,1.56,,,
2021-11-17,60368.01,4287.59,1.00,1.10,229.50,42.71,,1.88,578.09,29.19,0.9999,59438.00,,,,,,,,,,21.88,,0.2375,0.9997,,,,,107.80,,0.5339,218.72,,43.15,,,,,0.00004811,,1.63,,,
2021-11-18,56942.14,4000.65,1,1.04,204.42,39.05,,1.79,532.24,26.53,0.9997,55780.32,,,,,,,,,,20.09,,0.2214,0.9999,,,,,100.25,,0.5033,195.49,,40.28,,,,,0.00004242,,,1.85,,
2021-11-19,58119.58,4298.31,1.00,1.09,218.14,41.26,,1.86,581.53,28.29,1,57648.71,,,,,,,,,,21.23,,0.2331,1,,,,,112.02,,0.5709,215.28,,42.42,,,,,0.00004856,,,1.88,,
2021-11-20,59697.20,4409.93,1.00,1.10,227.08,42.06,,1.92,603.84,28.33,0.9997,59557.97,,,,,,,,,,22.01,,0.233,0.9986,,,,,125.77,,0.5793,218.02,,45.12,,,,,0.00004763,,1.66,,,
2021-11-21,58730.48,4269.73,1.00,1.06,221.77,42.01,,1.84,585.29,29.04,1.00,58316.12,,,,,,,,,,21.70,,0.2263,1.00,,,,,128.60,,0.7294,231.28,,43.60,,,,,0.00004419,,,1.83,,
2021-11-22,56289.29,4088.46,1.00,1.04,209.16,39.45,,1.78,559.13,26.76,1,55790.24,,,,,,,,,,20.99,,0.2197,0.9999,,,,,134.53,,0.7346,215.74,,41.07,,,,,0.00004322,,1.56,,,
2021-11-23,57569.07,4340.76,1.00,1.07,216.39,40.79,,1.75,591.44,26.93,1.00,57166.94,,,,,,,,,,22.18,,0.2265,1.00,,,,,123.83,,0.9005,221.84,,42.69,,,,,0.00004186,,1.75,,,
2021-11-24,57206.37,4276.04,0.9997,1.03,212.41,38.37,,1.67,590.84,25.64,0.9993,56589.58,,,,,,,,,,20.84,,0.2173,0.9985,,,,,115.19,,0.8908,206.07,,38.60,,,,,0.00003789,,1.69,,,
2021-11-25,58927.89,4519.46,1.00,1.04,222.87,39.45,,1.68,638.72,26.38,1.00,58568.69,,,,,,,,,,21.39,,0.221,1.00,,,,,119.32,,0.8127,209.87,,43.56,,,,,0.0000425,,1.93,,,
2021-11-26,53569.76,4030.91,1.00,0.9364,194.87,34.39,,1.53,585.15,23.86,0.9998,53213.56,,,,,,,,,,19.19,,0.2009,0.9994,,,,,103.83,,0.6901,191.51,,40.77,,,,,0.00003849,,1.63,,,
2021-11-27,54815.08,4096.91,1.00,0.9472,195.17,35.19,,1.55,600.34,24.11,1.00,53844.35,,,,,,,,,,19.51,,0.2053,1.00,,,,,113.28,,0.7838,193.10,,43.89,,,,,0.00003934,,1.61,,,
2021-11-28,57248.46,4294.45,1.00,0.9688,199.35,35.77,,1.59,611.37,24.82,0.9999,56022.03,,,,,,,,,,20.17,,0.2075,1.00,,,,,110.59,,0.7539,200.68,,50.10,,,,,0.0000391,,1.65,,,
2021-11-29,57806.57,4445.11,1.00,0.992,205.87,37.16,,1.60,624.31,25.02,1.00,57117.33,,,,,,,,,,20.30,,0.2152,0.9998,,,,,120.26,,0.714,204.32,,51.70,,,,,0.00004551,,1.82,,,
2021-11-30,57005.43,4631.48,1.00,0.9988,208.01,37.96,,1.55,622.67,25.34,0.9995,55833.16,,,,,,,,,,21.24,,0.2147,0.9997,,,,,120.34,,0.6904,208.67,,59.72,,,,,0.00004745,,1.79,,,
2021-12-01,57229.83,4586.99,1.00,0.9909,208.97,36.77,,1.55,627.97,,0.9996,56185.12,,,,,,,,,,20.97,,0.2095,1.00,,,,,119.75,,0.7212,229.80,,64.23,,,,,0.00004422,,2.01,1.97,,
2021-12-02,56477.82,4511.30,1.00,0.9723,203.49,35.76,,1.72,619.47,,0.9988,55728.47,,,,,,,,,,22.37,,0.2097,0.9998,,,,,107.87,,0.6941,233.99,,66.18,,,,,0.00004215,,2.13,1.88,,
2021-12-03,53598.25,4220.71,1.00,0.9222,188.10,33.64,,1.56,594.64,,1.00,52643.39,,,,,,,,,,19.93,,0.2,1.00,,,,,108.14,,0.6397,211.22,,63.34,,,,,0.00004041,,2.27,1.74,,
2021-12-04,49200.70,4119.59,1.00,0.847,163.05,29.37,,1.42,569.08,,1,48835.70,,,,,,,,,,17.19,,0.1789,1.00,,,,,92.88,,0.6093,201.12,,75.56,,,,,0.00003652,,1.98,1.65,,
2021-12-05,49368.85,4198.32,1.00,0.8056,156.41,28.31,,1.38,557.78,,0.9987,49009.36,,,,,,,,,,16.53,,0.1713,0.9993,,,,,85.79,,0.5639,196.17,,68.11,,,,,0.00003622,,2.05,1.76,,
2021-12-06,50582.63,4358.74,1.00,0.8283,161.89,28.25,,1.43,589.26,,0.9995,50185.42,,,,,,,,,,17.35,,0.1784,1.00,,,,,93.32,,0.5974,194.20,,67.29,,,,,0.00003693,,2.28,1.77,,
2021-12-07,50700.08,4315.06,1.00,0.8186,162.29,30.54,,1.38,579.69,,1.00,50356.11,,,,,,,,,,17.23,,0.1768,1.00,,,,,89.95,,0.6155,190.60,,68.98,,,,,0.00003631,,2.37,1.69,,
2021-12-08,50504.80,4439.36,0.9994,0.8633,165.22,29.87,,1.40,607.59,,0.9999,50189.50,,,,,,,,,,18.67,,0.1792,0.9989,,,,,93.22,,0.6121,194.62,,75.04,,,,,0.00003692,,2.42,1.70,,
2021-12-09,47672.12,4119.82,1.00,0.8613,151.80,26.95,,1.29,571.65,,1.00,47562.38,,,,,,,,,,16.21,,0.1695,1.00,,,,,85.46,,0.568,181.18,,66.48,,,,,0.00003472,,2.09,1.55,,
2021-12-10,47243.31,3908.50,1.00,0.8011,148.60,26.45,,1.21,552.97,,1.00,47065.94,,,,,,,,,,15.17,,0.1644,1.00,,,,,80.74,,0.5495,167.95,,60.93,,,,,0.00003357,,2.10,1.46,,
2021-12-11,49362.51,4084.45,1.00,0.8393,158.04,27.77,,1.35,564.32,,1.00,48772.82,,,,,,,,,,15.89,,0.169,1.00,,,,,86.39,,0.5786,171.95,,59.98,,,,,0.00003442,,2.13,1.53,,
2021-12-12,50098.34,4134.45,1.00,0.8413,159.20,29.61,,1.35,570.82,,1.00,49638.46,,,,,,,,,,16.02,,0.1699,1.00,,,,,88.11,,0.6038,173.43,,61.92,,,,,0.00003665,,2.09,1.54,,
2021-12-13,46737.48,3784.23,1.00,0.7829,144.54,25.97,,1.23,521.01,,0.9998,46476.17,,,,,,,,,,14.15,,0.1576,0.9996,,,,,79.15,,0.5328,155.21,,52.75,,,,,0.00003293,,1.82,,,1.00
2021-12-14,48383.87,3859.71,1.00,0.8117,150.55,26.17,,1.27,528.50,,1,47843.38,,,,,,,,,,14.98,,0.191,0.9994,1.00,,,,87.31,,0.5445,161.29,,60.29,,,,,0.000034,,1.94,,,
2021-12-15,48896.72,4018.39,1.00,0.8274,153.52,27.15,,1.31,541.03,19.71,1.00,48551.98,,,,,,,,,,15.18,,0.1811,1.00,,,,,101.18,,0.5571,178.34,,61.53,,,,,0.00003386,,2.12,,,
2021-12-16,47665.43,3962.47,1.00,0.8062,148.94,26.04,,1.24,526.25,,0.999,47512.51,,,,,,,,,,14.42,,0.1735,1.00,0.9984,,,,98.40,,0.5402,176.95,,64.32,,,,,0.0000328,,2.07,,,
2021-12-17,46202.14,3879.49,1.00,0.7993,144.34,24.66,,1.22,525.71,,0.9998,46342.39,,,,,,,,,,15.01,,0.169,1.00,0.9957,,,,111.01,,0.5223,175.50,,65.71,,,,,0.00003122,,2.13,,,
2021-12-18,46848.78,3960.86,1.00,0.8274,148.80,25.49,,1.24,533.89,,0.9999,46717.59,,,,,,,,,,15.58,,0.1724,1.00,1.00,,,,116.02,,0.5271,182.84,,74.00,,,,,0.00003143,,2.23,,,
2021-12-19,46707.01,3922.59,1,0.835,153.08,24.79,,1.24,529.97,,0.9999,46596.29,,,,,,,,,,14.96,,0.1696,0.9999,0.9994,,,,107.67,,0.5141,180.10,,78.23,,,,,0.00003079,,2.22,,,
2021-12-20,46880.28,3933.84,0.999,0.8798,152.63,24.05,,1.24,523.16,,0.9996,46739.10,,,,,,,,,,,,0.1673,0.9994,1.00,,,,113.41,,0.5,173.67,,82.07,,,,,0.0000312,,2.13,,,1.00
2021-12-21,48936.61,4020.26,1.00,0.9476,154.93,25.19,,1.28,528.71,,1.00,48264.77,,,,,,,,,,15.07,,0.1712,1.00,1.00,,,,123.33,,0.5296,180.09,,87.45,,,,,0.00003291,,2.38,,,
2021-12-22,48628.51,3982.10,1.00,0.9547,155.47,27.22,,1.33,533.64,,0.9982,48262.42,,,,,,,,,,16.23,,0.1732,1.00,,,,,116.48,,0.5377,178.60,,85.48,,,,,0.00003505,,2.50,,,1.00
2021-12-23,50784.54,4108.02,1.00,0.9933,163.45,29.11,,1.47,548.73,22.14,1.00,50661.60,,,,,,,,,,18.13,,0.1845,0.9998,,,,,121.21,,0.595,190.04,,93.85,,,,,0.00003859,,2.68,,,
2021-12-24,50822.20,4047.98,1.00,0.912,161.42,28.14,,1.39,541.90,21.47,1.00,50741.74,,,,,,,,,,17.48,,0.1866,1.00,,,,,114.98,,0.6273,190.27,,95.97,,,,,0.00003619,,2.47,,,
2021-12-25,50429.86,4093.28,0.9999,0.9248,157.79,28.84,,1.45,547.33,22.12,0.9999,50854.58,,,,,,,,,,17.47,,0.1907,1,,,,,115.03,,0.6461,193.12,,98.18,,,,,0.00003771,,2.64,,,
2021-12-26,50809.52,4067.33,1.00,0.9212,155.99,31.33,,1.46,546.99,23.01,0.9991,50703.69,,,,,,,,,,18.69,,0.19,0.9999,,,,,115.21,,0.6259,198.00,,99.72,,,,,0.00003831,,2.88,,,
2021-12-27,50640.42,4037.55,0.9999,0.9262,155.88,30.91,,1.51,562.64,22.98,0.9996,50704.61,,,,,,,,,,19.07,,0.1877,0.9983,,,,,113.60,,0.6241,195.43,,90.80,,,,,0.00003897,,2.73,,,
2021-12-28,47588.85,3800.89,1.00,0.853,145.89,27.91,,1.40,534.93,,1.00,48013.63,,,,,,,,,,18.45,,0.1741,1.00,,,,,107.22,,0.567,177.43,,85.37,,,,,0.00003494,,2.50,,,1.00
2021-12-29,46444.71,3628.53,1.00,0.8167,145.51,26.74,,1.33,514.00,,0.9995,47103.54,,,,,,,,,,17.09,,0.1678,1.00,,,,,103.00,,0.5466,170.66,,84.06,,,,,0.00003363,,2.47,,,1.00
2021-12-30,47178.13,3713.85,1.00,0.8396,148.29,27.57,,1.36,518.91,,1.00,47574.25,,,,,,,,,,17.82,,0.1713,1.00,,,,,101.93,,0.5537,172.75,,84.71,,,,,0.00003378,,2.56,1.73,,
2021-12-31,46306.45,3682.63,1.00,0.8312,146.51,26.72,,1.31,511.71,,1.00,46434.09,,,,,,,,,,17.07,,0.1705,1.00,,,,,109.27,,0.5575,170.30,,85.47,,,,,0.00003341,,2.53,1.66,,
