999,Date,BTC,ETH,XRP,USDT,BCH,LTC,EOS,BNB,BSV,XTZ,XLM,TRX,ADA,ATOM,LEO,XMR,HT,LINK,NEO,DASH,ETC,MIOTA,CRO,USDC,STO,TAGZ5,MIN,INNBCL,HEX,ACA,COMP,VET,VEST,XEM,DOT,YFI,WBTC,BUSD,DAI,FIL,ALGO,REV,THETA
2.81,2020-01-01,7200.17,130.80,0.1927,0.9998,204.40,42.02,2.60,13.69,97.20,1.37,0.04545,0.01325,0.03346,4.38,0.82,45.75,2.82,1.81,8.85,,,,,,,,,,,,,,,,,,,,,,,,
2.74,2020-01-02,6985.47,127.41,0.188,1.00,195.70,39.82,2.46,13.03,92.84,1.24,0.04411,0.01287,0.03275,4.09,0.8218,45.75,2.75,1.74,8.49,,,,,,,,,,,,,,,,,,,,,,,,
2.89,2020-01-03,7344.88,134.17,0.1935,1.00,222.41,42.42,2.64,13.66,102.61,1.28,0.04523,0.01343,0.03418,4.25,0.8515,51.09,2.85,1.81,8.89,,,,,,,,,,,,,,,,,,,,,,,,
2.90,2020-01-04,7410.66,135.07,0.1944,1.01,226.02,43.33,2.67,13.89,109.67,1.26,0.04627,0.01352,0.03459,4.29,0.8519,50.54,2.92,1.84,9.15,,,,,,,,,,,,,,,,,,,,,,,,
2.92,2020-01-05,7411.32,136.28,0.1955,1.01,224.10,43.55,2.70,14.11,110.87,1.26,0.04536,0.01362,0.03472,4.23,0.857,54.10,2.94,1.81,9.07,,,,,,,,,,,,,,,,,,,,,,,,
3.01,2020-01-06,7769.22,144.30,0.2215,1.00,244.56,45.82,2.86,14.96,117.81,1.31,0.04912,0.01455,0.03727,4.10,0.8717,58.97,3.05,1.94,9.77,,,,,,,,,,,,,,,,,,,,,,,,
2.87,2020-01-07,8163.69,143.54,0.2139,1.00,243.26,46.42,2.85,15.01,114.06,1.30,0.04984,0.01437,0.03705,4.10,0.8857,58.82,3.14,2.11,9.82,,,,,,,,,,,,,,,,,,,,,,,,
3.14,2020-01-08,8079.86,141.26,0.209,1.00,241.06,45.65,2.79,14.60,114.17,1.33,0.04872,0.01407,0.03643,4.01,0.9015,59.46,3.07,2.18,9.53,,,,,,,,,,,,,,,,,,,,,,,,
3.89,2020-01-09,7879.07,138.98,0.2049,1.01,239.22,45.22,2.76,14.50,117.74,1.29,0.04646,0.01406,0.03636,4.26,0.8699,59.20,3.06,2.19,9.44,,,,,,,,,,,,,,,,,,,,,,,,
4.03,2020-01-10,8166.55,143.96,0.2123,1.00,270.73,48.73,2.97,15.03,171.16,1.31,0.0464,0.01461,0.03687,4.26,0.8705,58.57,3.11,2.22,9.86,,,,,,,,,,,,,,,,,,,,,,,,
4.00,2020-01-11,8037.54,142.93,0.2119,1.00,260.68,49.26,2.99,14.95,150.73,1.31,0.04755,0.01461,0.03683,4.28,0.8596,58.45,3.16,2.28,9.72,,,,,,,,,,,,,,,,,,,,,,,,
4.08,2020-01-12,8192.49,145.87,0.2156,1.00,268.24,51.08,3.19,15.32,165.01,1.31,0.04832,0.01498,0.03769,4.26,0.8707,59.32,3.09,2.25,10.27,,,,,,,,,,,,,,,,,,,,,,,,
4.04,2020-01-13,8144.19,144.23,0.2126,1.00,267.52,49.73,3.11,15.23,174.33,1.28,0.04812,0.01471,0.03697,4.26,0.8468,58.01,3.05,2.19,10.06,,,,,,,,,,,,,,,,,,,,,,,,
3.80,2020-01-14,8827.76,165.96,0.2347,1.00,350.26,58.48,3.83,16.63,422.74,1.33,0.05212,0.01672,0.04166,4.54,0.8961,62.82,,2.39,11.24,88.70,,,,,,,,,,,,,,,,,,,,,,,
,2020-01-15,8807.01,166.23,0.2329,0.9997,339.40,58.05,3.77,17.65,312.76,1.34,0.05479,0.01728,0.04255,4.57,0.9076,68.34,,2.40,11.42,132.27,7.98,,,,,,,,,,,,,,,,,,,,,,
,2020-01-16,8723.79,164.39,0.2286,0.9992,325.98,57.62,3.83,17.08,312.88,1.49,0.05375,0.01712,0.04139,5.08,0.8632,65.68,,2.48,11.27,128.16,8.38,,,,,,,,,,,,,,,,,,,,,,
,2020-01-17,8929.04,170.78,0.2388,1.00,366.98,61.49,3.92,18.14,286.40,1.48,0.06005,0.01767,0.04498,5.00,0.8958,69.18,,2.72,11.89,114.38,9.52,,,,,,,,,,,,,,,,,,,,,,
,2020-01-18,8942.81,175.37,0.2433,1.00,339.12,59.41,3.82,17.82,249.19,1.49,0.06115,0.01772,0.04485,4.63,0.9121,67.19,,2.77,11.90,101.56,8.33,,,,,,,,,,,,,,,,,,,,,,
,2020-01-19,8706.25,166.97,0.2356,0.9985,338.31,57.80,3.62,17.37,276.92,1.42,0.06004,0.01662,0.04198,4.52,0.8737,65.13,,2.62,11.24,104.79,8.51,,,,,,,,,,,,,,,,,,,,,,
,2020-01-20,8657.64,167.12,0.2333,1.00,343.81,57.20,3.61,17.33,301.70,1.59,0.06204,0.01663,0.04387,4.51,0.8718,64.99,,2.70,11.14,109.57,8.67,,,,,,,,,,,,,,,,,,,,,,
,2020-01-21,8745.89,169.70,0.2372,1.00,343.42,57.65,3.66,18.13,314.53,1.53,0.06242,0.01731,0.04599,4.65,0.9,65.96,,2.67,11.22,110.86,8.95,,,,,,,,,,,,,,,,,,,,,,
,2020-01-22,8680.88,168.29,0.2361,1.00,347.23,58.35,3.65,17.80,308.91,1.59,0.05989,0.01735,0.04565,4.65,0.8944,65.03,,2.65,11.24,107.65,9.34,,,,,,,,,,,,,,,,,,,,,,
,2020-01-23,8406.52,162.93,0.2261,0.9984,324.87,54.63,3.57,17.02,259.14,1.55,0.05924,0.01625,0.04333,4.44,0.904,62.53,,2.46,10.59,102.41,8.46,,,,,,,,,,,,,,,,,,,,,,
,2020-01-24,8445.43,163.05,0.223,1.00,319.52,54.53,3.64,17.05,266.98,1.52,0.0573,0.01641,0.045,4.48,0.9146,61.76,,2.50,10.54,100.83,8.62,,,,,,,,,,,,,,,,,,,,,,
,2020-01-25,8367.85,161.28,0.2204,1.00,311.36,53.70,3.53,16.98,261.85,1.50,0.05604,0.0162,0.04325,4.42,0.9096,61.52,,2.46,10.38,102.16,8.43,,,,,,,,,,,,,,,,,,,,,,
,2020-01-26,8596.83,168.08,0.2307,1.00,347.00,56.21,3.65,17.44,274.20,1.52,0.05857,0.0168,0.04458,4.48,0.8978,63.87,,2.57,10.79,111.00,9.14,,,,,,,,,,,,,,,,,,,,,,
6.66,2020-01-27,8909.82,170.93,0.2312,1.00,362.65,58.76,3.96,17.69,300.35,1.53,0.05964,0.01713,0.04791,4.52,0.9009,65.58,,2.61,,113.27,10.42,,,,,,,,,,,,,,,,,,,,,,
5.81,2020-01-28,9358.59,176.37,0.2385,1.00,378.86,60.67,4.05,18.12,294.76,1.55,0.0603,0.01861,0.05286,4.59,0.9037,67.72,,2.66,,116.20,11.53,,,,,,,,,,,,,,,,,,,,,,
,2020-01-29,9316.63,175.05,0.2357,1.00,381.52,60.08,3.98,17.91,287.97,1.57,0.06174,0.01868,0.05351,4.41,0.9053,70.04,,2.79,,122.04,12.32,0.303,,,,,,,,,,,,,,,,,,,,,
,2020-01-30,9508.99,184.69,0.2436,1.00,392.97,68.16,4.34,18.59,298.82,1.68,0.06121,0.0195,0.05607,4.41,0.887,74.98,,2.91,11.74,122.47,12.27,,,,,,,,,,,,,,,,,,,,,,
,2020-01-31,9350.53,180.16,0.2392,1.00,375.39,67.88,4.14,18.21,272.40,1.66,0.06155,0.01868,0.05379,4.39,0.8725,72.09,,2.82,,116.43,11.30,0.2938,,,,,,,,,,,,,,,,,,,,,
,2020-02-01,9392.88,183.67,0.2415,1.00,381.01,70.82,4.16,18.22,278.65,1.74,0.06047,0.01906,0.05609,4.38,0.8719,73.34,,2.84,,117.47,11.54,0.3051,,,,,,,,,,,,,,,,,,,,,
,2020-02-02,9344.37,188.62,0.2507,1.00,378.27,70.23,4.22,18.45,276.74,1.91,0.06337,0.01914,0.05577,,0.8876,75.04,,2.83,12.07,115.62,11.39,0.3085,,,,,,,,,,,,,,,,,,,,,
,2020-02-03,9293.52,189.87,0.2546,0.9989,383.88,69.78,4.20,18.46,280.73,2.00,0.06406,0.01922,0.05698,,0.8835,76.82,,2.77,11.88,116.20,11.79,0.3338,,,,,,,,,,,,,,,,,,,,,
,2020-02-04,9180.96,189.25,0.2668,1.00,380.60,68.20,4.25,18.18,272.06,1.92,0.06629,0.01926,0.056,,0.8975,75.27,,2.74,12.17,111.14,11.43,0.3311,,,,,,,,,,,,,,,,,,,,,
,2020-02-05,9613.42,204.23,0.2775,1.00,442.01,72.49,4.52,19.22,298.88,2.14,0.06873,0.02078,0.05923,,0.9052,77.99,,2.85,12.75,122.27,12.34,0.326,,,,,,,,,,,,,,,,,,,,,
,2020-02-06,9729.80,212.34,0.2822,0.9972,442.79,73.39,4.58,20.60,295.65,2.16,0.07054,0.02254,0.05976,,0.9025,78.09,,2.88,12.88,119.77,12.10,0.3307,,,,,,,,,,,,,,,,,,,,,
,2020-02-07,9795.94,222.73,0.2793,0.9978,439.75,74.36,4.60,22.06,295.70,2.19,0.07163,0.02206,0.05979,4.81,0.9261,79.57,3.90,3.31,,118.51,11.70,,,,,,,,,,,,,,,,,,,,,,
,2020-02-08,9865.12,223.15,0.2772,0.9995,443.51,76.47,4.76,21.78,336.25,2.29,0.07085,0.02185,0.05994,,0.936,80.67,3.83,3.41,12.70,125.90,11.67,,,,,,,,,,,,,,,,,,,,,,
,2020-02-09,10116.67,228.58,0.2825,1.00,449.81,77.09,5.01,24.31,350.09,2.64,0.07282,0.02203,0.06181,,0.9654,87.62,3.97,3.48,14.14,127.55,11.71,,,,,,,,,,,,,,,,,,,,,,
,2020-02-10,9856.61,223.52,0.2741,1.00,452.89,74.34,4.91,25.22,352.36,2.62,0.07086,0.02223,0.06039,,0.9961,84.82,4.71,3.41,13.60,127.35,11.84,,,,,,,,,,,,,,,,,,,,,,
,2020-02-11,10208.24,235.85,0.2801,0.9984,461.26,76.60,5.25,25.64,363.40,2.90,0.07374,0.02268,0.06323,5.10,1.03,89.82,4.64,3.98,,128.89,11.95,,,,,,,,,,,,,,,,,,,,,,
,2020-02-12,10326.05,265.41,0.3044,1.00,475.48,81.30,5.35,26.47,366.72,3.32,0.08004,0.02401,0.06837,,1.02,95.24,4.88,4.03,14.82,133.55,12.24,,,,,,,,,,,,,,,,,,,,,,
,2020-02-13,10214.38,268.10,0.3267,0.9986,474.32,80.40,5.34,25.44,359.04,3.12,0.08265,0.02386,0.06858,,1.00,92.46,4.77,3.87,15.12,130.95,12.04,,,,,,,,,,,,,,,,,,,,,,
,2020-02-14,10312.12,284.22,0.3348,1.00,491.16,82.99,5.36,26.30,360.39,3.47,0.0858,0.02633,0.07058,,0.9851,94.82,5.04,4.41,16.68,132.60,11.98,,,,,,,,,,,,,,,,,,,,,,
,2020-02-15,9889.42,264.73,0.3062,0.9991,437.66,76.51,4.74,24.15,310.08,3.18,0.07925,0.02359,0.06386,,0.9667,88.87,4.89,4.30,15.00,121.85,10.39,,,,,,,,,,,,,,,,,,,,,,
,2020-02-16,9934.43,259.89,0.295,0.9993,415.94,75.15,4.41,23.47,285.87,3.25,0.07508,0.02246,0.06265,,0.9679,88.42,5.06,4.50,14.77,111.78,9.64,,,,,,,,,,,,,,,,,,,,,,
,2020-02-17,9690.14,266.36,0.2866,0.9985,409.34,73.25,4.35,23.55,309.44,3.15,0.07185,0.02173,0.06004,,0.9815,82.40,4.74,4.30,15.00,114.51,9.61,,,,,,,,,,,,,,,,,,,,,,
,2020-02-18,10142.00,281.94,0.2979,1.00,418.87,77.04,4.59,24.06,309.11,3.45,0.07464,0.02257,0.0626,,0.9854,86.10,4.96,4.54,15.46,115.64,9.82,,,,,,,,,,,,,,,,,,,,,,
,2020-02-19,9633.39,259.76,0.2776,1.00,382.22,71.14,4.01,22.33,288.73,3.56,0.07072,0.02032,0.05765,,0.9893,78.19,4.79,4.40,14.09,106.61,8.88,,,,,,,,,,,,,,,,,,,,,,
,2020-02-20,9608.48,257.95,0.2724,1.00,372.48,69.62,4.01,22.23,285.50,3.61,0.07117,0.01987,0.05826,,0.9869,76.60,4.75,4.27,14.07,105.55,8.90,,,,,,,,,,,,,,,,,,,,,,
,2020-02-21,9686.44,265.60,0.2749,1.00,379.40,73.45,4.07,22.18,289.44,3.49,0.07195,0.0202,0.05864,,0.9573,80.40,4.77,4.29,14.04,107.94,9.43,,,,,,,,,,,,,,,,,,,,,,
,2020-02-22,9663.18,262.33,0.2759,1.00,373.83,75.13,4.12,21.97,280.41,3.31,0.06939,0.02009,0.05834,5.00,,79.09,4.52,4.10,13.77,104.70,9.52,,,,,,,,,,,,,,,,,,,,,,
,2020-02-23,9924.52,273.75,0.2827,0.998,401.64,79.54,4.38,22.83,294.39,3.51,0.07364,0.02131,0.06151,,0.9475,85.00,4.77,4.24,14.33,108.15,9.73,,,,,,,,,,,,,,,,,,,,,,
,2020-02-24,9650.17,265.22,0.2706,0.9988,377.58,75.54,4.14,22.04,277.38,3.18,0.06938,0.01986,0.05896,,0.9452,79.12,4.66,3.91,13.36,103.60,9.34,,,,,,,,,,,,,,,,,,,,,,
,2020-02-25,9341.71,247.82,0.2534,1.00,353.98,71.18,4.09,20.34,259.76,2.82,0.06533,0.01905,0.05636,,0.9054,76.80,4.28,3.51,12.44,96.20,9.26,,,,,,,,,,,,,,,,,,,,,,
,2020-02-26,8820.52,225.68,0.2309,1.00,316.64,61.01,3.55,18.80,225.03,2.77,0.0593,0.01648,0.04945,,0.9274,70.88,4.09,3.60,11.03,84.88,7.68,,,,,,,,,,,,,,,,,,,,,,
,2020-02-27,8784.49,226.75,0.2371,0.9984,323.29,61.51,3.60,19.12,226.55,2.80,0.06001,0.01694,0.04969,,0.9487,69.82,4.22,3.95,11.45,88.52,7.68,,,,,,,,,,,,,,,,,,,,,,
,2020-02-28,8672.46,226.76,0.2363,0.9971,313.63,59.76,3.51,18.85,215.97,2.76,0.05831,0.01706,0.04862,,0.954,68.15,4.67,4.16,11.27,87.90,7.44,,,,,,,,,,,,,,,,,,,,,,
,2020-02-29,8599.51,219.85,0.2312,1.01,308.33,58.54,3.54,19.58,212.29,2.76,0.05746,0.01663,0.04754,,0.9646,66.49,4.86,4.11,11.20,85.89,7.41,,,,,,,,,,,,,,,,,,,,,,
,2020-03-01,8562.45,218.97,0.2288,1.00,313.30,57.96,3.53,18.96,228.52,2.62,0.05625,0.0165,0.04593,,0.9566,64.74,4.60,3.88,11.37,85.11,7.76,,,,,,,,,,,,,,,,,,,,,,
,2020-03-02,8869.67,230.57,0.2387,0.995,336.79,61.00,3.69,19.81,251.41,2.78,0.05921,0.01749,0.04895,,0.955,68.48,4.76,4.22,12.00,89.74,8.40,,,,,,,,,,,,,,,,,,,,,,
,2020-03-03,8787.79,224.48,0.2344,1.00,329.24,61.14,3.64,19.64,246.48,2.76,0.05835,0.01727,0.04876,,0.9544,66.03,4.64,4.58,11.59,88.59,8.50,,,,,,,,,,,,,,,,,,,,,,
,2020-03-04,8755.25,224.52,0.2345,1.00,319.25,60.38,3.60,19.96,231.22,3.04,0.05859,0.01771,0.049,,0.9525,65.84,4.65,4.64,11.75,87.01,7.95,,,,,,,,,,,,,,,,,,,,,,
,2020-03-05,9078.76,229.27,0.2396,1.00,337.24,62.05,3.78,20.80,240.62,3.09,0.05976,0.01789,0.05106,,0.9642,68.63,4.70,4.72,12.09,90.14,8.20,,,,,,,,,,,,,,,,,,,,,,
,2020-03-06,9122.55,243.53,0.2441,0.9984,348.89,63.03,3.83,21.29,245.07,3.16,0.06118,0.01824,0.05145,,0.9636,68.92,4.74,4.68,12.35,93.25,8.20,,,,,,,,,,,,,,,,,,,,,,
,2020-03-07,8909.95,237.85,0.2371,1.00,330.81,60.55,3.66,20.18,234.23,2.99,0.05841,0.01705,0.04894,,0.9674,65.44,4.65,4.34,11.62,88.33,7.82,,,,,,,,,,,,,,,,,,,,,,
,2020-03-08,8108.12,200.69,0.2069,1.01,276.20,51.73,3.08,16.97,197.95,2.60,0.05074,0.01487,0.04329,,0.9921,56.37,4.24,4.09,10.13,,6.49,,0.05124,,,,,,,,,,,,,,,,,,,,
,2020-03-09,7923.64,201.99,0.2092,0.999,273.21,50.17,3.06,16.57,199.18,2.52,0.05192,0.01499,0.04148,,0.9791,55.25,4.09,4.06,9.87,,6.93,,0.0492,,,,,,,,,,,,,,,,,,,,
,2020-03-10,7909.73,200.77,0.2122,1.00,271.72,50.26,3.08,16.88,198.83,2.59,0.05199,0.01511,0.0415,,0.9848,54.95,4.02,4.08,,74.83,6.81,,0.04917,,,,,,,,,,,,,,,,,,,,
,2020-03-11,7911.43,194.87,0.2081,0.9988,266.86,48.46,3.06,16.52,190.51,2.51,0.05039,0.01484,0.03965,,0.9833,54.11,3.98,3.82,,72.07,6.58,,0.0491,,,,,,,,,,,,,,,,,,,,
,2020-03-12,4970.79,112.35,0.1396,1.05,152.22,30.93,1.85,9.60,108.79,1.37,0.03344,0.008792,0.02396,,0.9864,33.01,2.42,2.06,,,3.96,,0.03007,1.04,,,,,,,,,,,,,,,,,,,
,2020-03-13,5563.71,133.20,0.1594,0.9996,176.49,37.44,2.10,10.83,120.90,1.76,0.03953,0.01024,0.02844,,0.9419,36.84,2.93,2.42,,,4.85,,,,2.40,1.47,,,,,,,,,,,,,,,,,
,2020-03-14,5200.37,123.31,0.1473,1.00,167.58,34.40,1.96,10.14,116.31,1.58,0.0373,0.009762,0.02601,,0.9382,36.22,2.84,2.14,,,,,,1.00,4.93,1.48,,,,,,,,,,,,,,,,,
,2020-03-15,5392.31,125.21,0.1539,1.00,178.31,36.44,2.05,10.44,122.95,1.54,0.03828,0.01034,0.02712,,0.9029,38.07,3.06,2.11,,,5.06,,,,6.26,1.59,,,,,,,,,,,,,,,,,
,2020-03-16,5014.48,110.61,0.1411,0.997,170.74,32.88,1.88,9.39,109.59,1.31,0.03516,0.009561,0.02412,,0.8778,33.82,2.84,1.78,,,,,,0.9986,7.74,1.71,,,,,,,,,,,,,,,,,
,2020-03-17,5225.63,113.94,0.1445,0.9761,180.33,33.56,1.93,10.08,117.01,1.34,0.03682,0.009885,0.02524,,0.9086,35.37,2.91,1.84,,,,,,0.9702,34.59,1.82,,,,,,,,,,,,,,,,,
,2020-03-18,5238.44,114.84,0.1431,0.9742,179.09,33.68,1.95,10.12,119.35,1.36,0.03598,0.009934,0.02534,,0.9492,35.92,2.91,1.89,,,,,,0.9701,4.82,2.07,,,,,,,,,,,,,,,,,
,2020-03-19,6191.19,136.59,0.165,1.00,221.27,39.07,2.29,12.28,156.32,1.64,0.04149,0.01167,0.03045,,0.9905,41.10,3.30,2.25,,,,,,1.00,3.54,2.39,,,,,,,,,,,,,,,,,
,2020-03-20,6198.78,132.74,0.1569,0.9976,214.42,38.13,2.20,11.88,160.33,1.67,0.03992,0.01125,0.02937,,0.989,40.12,3.28,2.25,,71.04,,,,0.9966,,2.39,,,,,,,,,,,,,,,,,
,2020-03-21,6185.07,132.82,0.1582,1.00,219.37,38.34,2.28,12.06,167.70,1.65,0.03962,0.01123,0.02941,,0.9975,41.15,3.36,2.27,,71.29,,,,1.00,,2.52,,,,,,,,,,,,,,,,,
,2020-03-22,5830.25,123.32,0.1502,0.999,203.67,35.63,2.13,11.16,157.78,1.47,0.0372,0.01036,0.02709,,1.00,38.34,3.15,1.99,,63.83,,,,0.9959,,2.10,,,,,,,,,,,,,,,,,
,2020-03-23,6416.31,134.91,0.1574,0.9968,219.33,38.77,2.28,12.12,168.51,1.67,0.03926,0.01128,0.02908,,1.01,44.14,3.33,2.24,,69.89,,,,0.991,,2.16,,,,,,,,,,,,,,,,,
,2020-03-24,6734.80,138.76,0.1623,1.00,227.25,40.49,2.36,12.40,177.96,1.76,0.0403,0.01151,0.03016,,1.01,47.18,3.41,2.31,,69.41,,,,0.996,,2.22,,,,,,,,,,,,,,,,,
,2020-03-25,6681.06,136.20,0.1616,0.9986,220.44,39.15,2.30,12.32,172.95,1.71,0.04058,0.01139,0.02944,,1.01,47.05,3.37,2.26,,67.58,,,,0.9975,,2.79,,,,,,,,,,,,,,,,,
,2020-03-26,6716.44,138.36,0.175,0.9985,226.82,40.16,2.31,13.22,172.53,1.75,0.04254,0.01187,0.03073,,1.01,50.19,3.39,2.30,,,,,0.04516,0.9941,,2.84,,,,,,,,,,,,,,,,,
,2020-03-27,6469.80,133.94,0.1762,1.01,217.58,38.92,2.24,12.52,166.80,1.61,0.04117,0.01143,0.0293,,1.02,48.45,3.30,2.17,,69.27,,,,1.01,,2.68,,,,,,,,,,,,,,,,,
,2020-03-28,6242.19,130.99,0.1758,0.9997,214.22,38.87,2.21,12.19,157.02,1.56,0.03996,0.0114,0.02977,,1.01,47.13,3.26,2.14,,65.11,,,,0.9969,,2.62,,,,,,,,,,,,,,,,,
,2020-03-29,5922.04,125.58,0.1638,1.00,206.46,37.33,2.13,11.44,148.39,1.48,0.03813,0.01075,0.02825,,1.02,44.11,3.10,2.03,,,,,0.04147,0.978,,2.70,,,,,,,,,,,,,,,,,
,2020-03-30,6429.84,132.90,0.1722,1.01,221.54,39.14,2.24,12.29,166.44,1.62,0.04021,0.01151,0.02987,,1.04,46.78,3.29,2.15,,,,,0.04752,1.01,,2.93,,,,,,,,,,,,,,,,,
,2020-03-31,6438.64,133.59,0.1746,1.00,219.63,39.30,2.22,12.58,165.40,1.62,0.04085,0.01163,0.03055,,1.04,47.78,3.32,2.27,,,,,0.0489,1.00,,2.94,,,,,,,,,,,,,,,,,
,2020-04-01,6606.78,135.63,0.1753,1.00,224.02,39.38,2.27,12.74,168.00,1.62,0.04082,0.01158,0.03085,,1.05,48.51,3.39,2.28,,,,,0.04911,0.9957,,3.05,,,,,,,,,,,,,,,,,
,2020-04-02,6793.62,142.03,0.1786,1.00,232.65,39.87,2.30,13.07,175.15,1.67,0.0413,0.01197,0.03198,,1.04,50.76,3.43,2.30,,,,,0.04753,0.9996,,3.12,,,,,,,,,,,,,,,,,
,2020-04-03,6733.39,142.09,0.1795,1.00,235.81,40.36,2.34,13.37,178.61,1.68,0.04157,0.01191,0.03229,,1.04,52.95,3.53,2.31,,,,,0.04767,1.00,,3.20,,,,,,,,,,,,,,,,,
,2020-04-04,6867.53,145.22,0.1817,1.00,238.82,40.68,2.37,13.82,179.27,1.70,0.04194,0.012,0.0325,,1.03,54.28,3.71,2.33,,,,,0.04808,1.00,,3.21,,,,,,,,,,,,,,,,,
,2020-04-05,6791.13,143.55,0.1794,1.00,232.00,40.67,2.36,13.73,174.86,1.67,0.04349,0.0126,0.032,,1.03,53.49,3.73,2.28,,,,,0.0487,1.00,,3.23,,,,,,,,,,,,,,,,,
,2020-04-06,7271.78,169.14,0.1955,0.9928,255.92,44.39,2.73,15.08,191.00,1.89,0.04947,0.01366,0.03562,,1.03,58.38,3.93,2.51,,,,,0.05221,,,3.56,4.05,,,,,,,,,,,,,,,,
,2020-04-07,7176.41,165.10,0.1921,0.9986,252.06,44.67,2.63,14.68,184.83,1.96,0.04832,0.01327,0.03514,,1.02,55.93,3.89,2.72,,,,,0.05184,,,3.47,4.05,,,,,,,,,,,,,,,,
,2020-04-08,7334.10,172.64,0.2009,0.9991,266.24,46.32,2.73,15.06,217.09,2.14,0.05098,0.01369,0.03631,,1.02,57.55,3.96,3.14,,,,,0.05382,,,3.63,4.19,,,,,,,,,,,,,,,,
,2020-04-09,7302.09,170.81,0.1983,1.00,257.48,46.38,2.73,15.06,214.75,2.11,0.05204,0.01351,0.0362,,1.02,58.50,3.91,3.32,,82.89,,,0.05321,,,3.59,,,,,,,,,,,,,,,,,
,2020-04-10,6865.49,158.41,0.1875,1.00,233.09,42.27,2.50,13.74,186.52,1.90,0.04779,0.01246,0.03322,,1.02,53.62,3.63,3.22,,,,,0.04956,0.999,,3.64,,,,,,,,,,,,,,,,,
,2020-04-11,6859.08,158.22,0.1881,0.9981,232.05,42.32,2.50,13.80,186.05,1.97,0.04955,0.01248,0.03335,,1.01,53.58,3.70,3.28,,74.56,,,0.04979,,,,,0.00000000127,,,,,,,,,,,,,,,
,2020-04-12,6971.09,161.14,0.1901,1.01,235.79,42.45,2.53,14.38,192.97,2.01,0.04944,0.0129,0.03381,,1.02,53.98,3.78,3.46,,,,,0.05044,,,3.62,4.25,,,,,,,,,,,,,,,,
,2020-04-13,6845.04,156.28,0.1877,1.00,223.85,41.20,2.45,15.03,188.00,1.94,0.04834,0.01258,0.03311,,1.02,52.95,3.72,3.37,,,,,,0.9984,,2.03,4.30,,,,,,,,,,,,,,,,
,2020-04-14,6842.43,157.60,0.1853,0.9968,221.97,41.05,2.46,15.53,188.56,1.94,0.04821,0.01241,0.03297,,1.01,53.83,3.71,3.24,,,,,0.04987,0.9959,,3.47,,,,,,,,,,,,,,,,,
,2020-04-15,6642.11,153.29,0.1813,0.9995,215.51,39.59,2.40,14.59,182.16,1.90,0.04641,0.01223,0.03186,,1.02,53.15,3.67,3.13,,,,,0.04825,0.9997,,3.51,,,,,,,,,,,,,,,,,
,2020-04-16,7116.80,172.16,0.1901,1.00,235.59,42.69,2.66,15.70,194.70,2.10,0.04912,0.01304,0.03441,,1.03,56.88,3.83,3.47,,,,,,1.00,,3.92,4.50,,,,,,,,,,,,,,,,
,2020-04-17,7096.18,171.64,0.1902,1.01,233.62,42.75,2.64,15.74,194.32,2.10,0.04907,0.013,0.03457,,1.04,56.55,3.83,3.48,,77.00,,,,1.01,,4.00,,,,,,,,,,,,,,,,,
,2020-04-18,7257.66,186.91,0.1949,1.00,243.08,44.36,2.73,16.59,203.52,2.33,0.0505,0.01337,0.03655,,1.03,57.97,3.94,3.78,,79.99,,,,,,4.24,4.46,,,,,,,,,,,,,,,,
,2020-04-19,7189.42,181.61,0.1909,1.01,233.59,42.63,2.62,16.14,195.77,2.27,0.04921,0.01303,0.03582,,1.04,57.45,3.89,3.64,,80.84,,,0.05127,,,4.10,,,,,,,,,,,,,,,,,
,2020-04-20,6881.96,172.30,0.1835,1.00,221.57,40.83,2.52,15.09,185.15,2.14,0.05,0.01252,0.03418,,1.04,55.07,3.74,3.46,,75.06,,,,1.00,,3.99,,,,,,,,,,,,,,,,,
,2020-04-21,6880.32,172.74,0.1843,1.01,221.75,41.04,2.54,15.21,184.02,2.16,0.05122,0.01259,0.0347,,1.04,55.38,3.71,3.48,,74.88,,,,1.00,,4.02,,,,,,,,,,,,,,,,,
,2020-04-22,7117.21,182.60,0.188,1.00,233.30,41.89,2.62,15.69,192.29,2.33,0.05481,0.01298,0.03656,,1.04,56.84,3.84,3.68,,80.70,,,,1.00,,4.22,,,,,,,,,,,,,,,,,
,2020-04-23,7429.72,185.03,0.1917,0.9977,236.60,42.94,2.67,16.01,193.80,2.48,0.06174,0.01355,0.04061,,1.04,58.82,3.92,3.73,,80.70,,,0.05248,,,4.23,,,,,,,,,,,,,,,,,
,2020-04-24,7550.90,189.24,0.1937,1.01,239.77,44.81,2.72,16.02,194.66,2.73,0.06161,0.01402,0.04187,,1.05,60.97,4.00,3.80,,81.92,,,0.05334,,,4.45,,,,,,,,,,,,,,,,,
,2020-04-25,7569.94,195.52,0.1951,1.00,239.72,44.71,2.72,16.31,195.03,2.87,0.06215,0.01402,0.04241,,1.05,60.73,3.98,3.80,,85.66,,,0.05425,,,4.59,,,,,,,,,,,,,,,,,
,2020-04-26,7679.87,197.32,0.1968,1.00,246.27,44.69,2.74,16.38,195.75,2.77,0.0625,0.01425,0.04588,,1.05,61.23,4.03,3.72,,83.93,,,0.05531,,,4.68,,,,,,,,,,,,,,,,,
,2020-04-27,7795.60,197.22,0.198,1.00,243.27,44.71,2.75,16.46,194.02,2.75,0.06737,0.01455,0.0466,,1.05,62.39,4.06,3.64,,,,,0.05613,,2.88,4.74,,,,,,,,,,,,,,,,,
,2020-04-28,7807.06,198.42,0.2155,1.01,243.70,46.03,2.78,16.44,195.59,2.75,0.06902,0.01539,0.0472,,1.05,62.50,4.07,3.68,,82.90,,,0.05721,1.00,,,,,,,,,,,,,,,,,,,
,2020-04-29,8801.04,216.97,0.2274,1.01,257.49,49.18,3.02,17.49,208.31,2.95,0.07235,0.01631,0.0517,,1.07,66.55,4.32,3.91,,85.74,6.78,,0.06263,,,,,,,,,,,,,,,,,,,,
,2020-04-30,8658.55,207.60,0.2128,1.01,249.84,46.71,2.83,17.03,208.30,2.76,0.0677,0.01528,0.04785,,1.07,62.48,4.21,3.72,,81.25,6.47,,0.05808,,,,,,,,,,,,,,,,,,,,
,2020-05-01,8864.77,214.22,0.2192,1.01,257.23,47.79,2.89,17.56,213.40,2.81,0.07322,0.01589,0.05126,,1.07,63.77,4.25,3.78,,83.26,6.68,,0.05804,,,,,,,,,,,,,,,,,,,,
,2020-05-02,8988.60,215.33,0.2239,1.00,261.98,49.46,2.95,17.58,213.44,2.83,0.07545,0.01637,0.05101,,1.07,64.62,4.28,3.82,,,7.48,,0.06041,,,,4.78,,,,,,,,,,,,,,,,
,2020-05-03,8897.47,210.93,0.2194,1.00,252.54,48.27,2.84,17.13,208.62,2.74,0.07311,0.01602,0.04893,,1.06,62.44,4.20,3.72,,,7.23,,0.05994,,,,5.07,,,,,,,,,,,,,,,,
,2020-05-04,8912.65,208.17,0.219,1.01,245.47,47.47,2.78,17.10,205.48,2.79,0.07374,0.01631,0.04966,,1.05,61.25,4.23,3.77,,,7.24,,0.06061,,,,4.83,,,,,,,,,,,,,,,,
,2020-05-05,9003.07,206.77,0.2165,1.00,244.59,46.79,2.77,16.92,207.22,2.75,0.07244,0.0159,0.04936,,1.02,60.38,4.18,3.69,,,,,0.06282,,,,5.15,,0.005659,,,,,,,,,,,,,,
,2020-05-06,9268.76,204.06,0.2152,1.02,245.82,45.94,2.69,16.66,204.93,2.70,0.07119,0.01583,0.04977,,1.07,58.54,4.16,3.64,,,6.95,,0.06487,,,,,,0.005608,,,,,,,,,,,,,,
,2020-05-07,9951.52,212.29,0.2189,1.00,252.66,47.33,2.76,17.01,209.95,2.76,0.07232,0.01606,0.05111,,1.07,64.55,4.23,3.75,,,7.10,,0.06595,,,,,,0.00611,,,,,,,,,,,,,,
,2020-05-08,9842.67,212.99,0.2198,1.00,261.44,47.88,2.76,17.24,210.56,2.76,0.07314,0.01632,0.0523,,1.06,63.70,4.18,3.82,,,7.18,,0.06801,,,,,,0.005312,,,,,,,,,,,,,,
,2020-05-09,9593.90,211.60,0.2169,1.00,266.14,47.27,2.76,16.94,211.03,2.83,0.07197,0.0162,0.05174,,1.07,63.24,4.12,4.04,,,7.08,,0.0668,,,,,,0.005434,,,,,,,,,,,,,,
,2020-05-10,8756.43,188.60,0.1982,1.00,232.80,42.37,2.45,15.30,185.90,2.55,0.06432,0.01428,0.04768,,1.10,58.86,3.86,3.76,,,6.20,,0.06356,,,,,,0.00559,,,,,,,,,,,,,,
,2020-05-11,8601.80,185.91,0.1941,0.9984,234.95,41.70,2.41,15.10,188.14,2.43,0.06279,0.01402,0.04811,,1.09,59.56,3.76,3.59,,,,,0.0642,,,7.77,,,0.005517,,,,,,,,,,,,,,
,2020-05-12,8804.48,189.31,0.1976,1.00,233.12,42.11,2.44,15.74,186.53,2.50,0.06991,0.01456,0.05042,,1.13,61.43,3.88,3.69,,,6.08,,0.06485,,,,,,0.005671,,,,,,,,,,,,,,
,2020-05-13,9269.99,199.19,0.2015,1.00,239.16,43.13,2.53,16.14,190.33,2.56,0.0698,0.015,0.05147,,1.12,64.87,3.93,3.76,10.29,,,,0.0661,,,,,,0.006346,,,,,,,,,,,,,,
,2020-05-14,9733.72,202.95,0.2031,0.9989,241.86,43.95,2.61,16.36,193.15,2.54,0.06908,0.01526,0.05089,,1.10,65.42,4.10,3.80,,,6.25,,0.06392,,,,,,0.006116,,,,,,,,,,,,,,
,2020-05-15,9328.20,195.62,0.1989,1.00,235.51,42.83,2.59,15.75,187.68,2.49,0.06741,0.01492,0.05046,,1.09,62.87,4.05,3.67,,,6.50,,0.06409,,,,,,0.006005,,,,,,,,,,,,,,
,2020-05-16,9377.01,200.68,0.2,1.00,236.65,43.21,2.63,16.05,188.54,2.63,0.06811,0.01496,0.05093,,1.09,65.36,4.04,3.76,,,6.69,,0.0651,,,,,,0.005473,,,,,,,,,,,,,,
,2020-05-17,9670.74,207.16,0.2013,1.00,241.19,43.64,2.62,16.31,191.73,2.62,0.0691,0.015,0.05134,,1.08,65.21,4.08,3.78,,,6.67,,0.06708,,,,,,0.005079,,,,,,,,,,,,,,
,2020-05-18,9726.57,214.53,0.2052,1.00,247.83,45.20,2.66,16.64,203.43,2.75,0.07009,0.01536,0.05425,,1.08,67.03,4.14,3.89,10.25,,6.71,,0.06994,,,,,,,,,,,,,,,,,,,,
,2020-05-19,9729.04,213.45,0.204,0.996,245.93,45.38,2.63,17.15,200.78,2.81,0.06939,0.01551,0.05645,,1.08,66.46,4.12,3.92,,76.56,6.65,,0.07048,,,,,,,,,,,,,,,,,,,,
,2020-05-20,9522.98,210.10,0.2017,0.9989,239.52,44.17,2.60,16.89,197.06,2.81,0.07099,0.015,0.05688,,1.10,64.71,4.07,4.07,,77.97,6.44,,0.07098,,,,,,,,,,,,,,,,,,,,
,2020-05-21,9081.76,199.88,0.1955,1.00,228.40,42.74,2.47,16.12,193.45,2.64,0.0667,0.01426,0.05225,,1.12,61.79,3.93,3.85,,,6.14,,0.06917,1.00,,,,,,,,,,,,,,,,,,,
,2020-05-22,9182.58,207.17,0.2003,1.00,234.50,44.21,2.60,16.64,194.97,2.80,0.06817,0.01486,0.05583,,1.14,63.15,3.98,4.07,10.39,,6.47,,0.07234,,,,,,,,,,,,,,,,,,,,
,2020-05-23,9209.29,208.69,0.1989,1.01,234.98,44.03,2.57,16.59,193.96,2.76,0.06761,0.01505,0.05532,,1.14,63.84,3.96,3.96,10.24,,6.59,,0.07481,,,,,,,,,,,,,,,,,,,,
,2020-05-24,8790.37,202.37,0.1954,1.00,224.83,42.45,2.51,16.08,184.94,2.67,0.06486,0.01443,0.05264,,1.14,61.19,3.84,3.84,,,6.61,,0.0737,1.00,,,,,,,,,,,,,,,,,,,
,2020-05-25,8906.93,205.32,0.1973,1.00,230.56,42.95,2.54,16.40,184.13,2.73,0.0661,0.01474,0.05401,,1.14,61.63,3.91,3.87,,,6.81,,0.0793,1.00,,,,,,,,,,,,,,,,,,,
,2020-05-26,8835.05,201.90,0.194,0.998,227.22,42.43,2.50,16.21,180.86,2.68,0.06514,0.01457,0.05343,,1.14,61.81,3.87,3.84,,,6.70,,0.07803,0.9994,,,,,,,,,,,,,,,,,,,
,2020-05-27,9181.02,208.86,0.1979,1.00,233.52,43.86,2.56,16.49,188.87,2.71,0.06625,0.01473,0.05518,,1.15,64.55,3.95,3.86,,,6.78,,0.08022,,,,,,0.004884,,,,,,,,,,,,,,
,2020-05-28,9525.75,219.84,0.2006,1.00,239.41,44.76,2.62,17.06,192.47,2.82,0.06886,0.01513,0.06456,,1.16,67.07,4.04,4.03,,,6.85,,0.08022,,,,,,0.00481,,,,,,,,,,,,,,
,2020-05-29,9439.12,220.68,0.1983,1.00,238.15,44.65,2.61,17.04,190.48,2.88,0.06788,0.01501,0.06466,,1.18,66.24,4.09,3.99,,,7.24,,0.08,,,,,,0.004837,,,,,,,,,,,,,,
,2020-05-30,9700.41,242.35,0.2062,1.00,251.30,47.54,2.76,17.74,201.84,2.92,0.07244,0.01631,0.07696,,1.18,68.36,4.16,4.17,,,7.49,,0.08536,,,,,,0.005069,,,,,,,,,,,,,,
,2020-05-31,9461.06,230.98,0.2029,0.998,239.88,45.59,2.67,17.04,193.14,2.80,0.07063,0.01589,0.07435,,1.18,65.07,4.06,4.13,,,6.93,,0.08519,,,,,,0.004593,,,,,,,,,,,,,,
,2020-06-01,10167.27,246.99,0.2102,1.00,255.35,48.13,2.81,17.91,202.74,2.96,0.07552,0.01701,0.08117,,1.19,67.64,4.16,4.38,12.42,,,,0.09376,,,,,,0.004659,,,,,,,,,,,,,,
,2020-06-02,9529.80,237.22,0.2028,0.9975,249.05,45.92,2.68,17.24,195.67,2.89,0.07928,0.01631,0.07846,,1.19,66.49,4.08,4.39,12.10,,6.96,,0.09029,,,,,,,,,,,,,,,,,,,,
,2020-06-03,9656.72,244.18,0.2037,1.00,252.06,47.17,2.70,17.55,195.94,3.04,0.08263,0.01687,0.08544,,1.20,67.13,4.09,4.49,12.37,,6.94,,0.09589,,,,,,,,,,,,,,,,,,,,
,2020-06-04,9800.64,244.43,0.205,1.00,256.68,47.64,2.72,17.57,197.62,3.00,0.08248,0.01691,0.089,,1.22,68.19,4.12,4.43,12.19,,6.93,,0.09863,,,,,,,,,,,,,,,,,,,,
,2020-06-05,9665.53,241.22,0.2041,1.00,256.76,47.05,2.82,17.69,196.80,2.94,0.07952,0.01694,0.08544,,1.23,67.69,4.33,4.38,11.87,,6.87,,0.1007,,,,,,,,,,,,,,,,,,,,
,2020-06-06,9653.68,241.93,0.2031,0.9993,253.27,46.73,2.80,17.54,194.33,2.92,0.07988,0.01699,0.08603,,1.25,67.60,4.45,4.34,11.79,,6.85,,0.1042,,,,,,,,,,,,,,,,,,,,
,2020-06-07,9758.85,245.17,0.2034,1.00,254.34,46.67,2.82,17.45,194.07,2.89,0.079,0.01818,0.08665,,1.25,66.61,4.43,4.35,11.78,,6.85,,0.108,,,,,,,,,,,,,,,,,,,,
,2020-06-08,9771.49,246.31,0.2038,1.00,255.12,46.47,2.78,17.39,191.93,2.94,0.08001,0.01796,0.08643,,1.25,68.23,4.43,4.46,11.64,,6.90,,0.109,,,,,,,,,,,,,,,,,,,,
,2020-06-09,9795.70,244.91,0.202,1.00,255.30,46.07,2.76,17.44,191.13,2.91,0.07858,0.01761,0.08341,,1.25,68.28,4.49,4.45,12.06,,6.81,,0.1177,,,,,,,,,,,,,,,,,,,,
,2020-06-10,9870.09,247.44,0.2029,1.00,257.25,46.68,2.77,17.41,194.16,2.89,0.07866,0.01761,0.08353,,1.25,69.65,4.44,4.42,11.94,,6.81,,0.115,,,,,,,,,,,,,,,,,,,,
,2020-06-11,9321.78,231.70,0.1902,1.00,236.44,43.51,2.53,16.31,181.65,2.62,0.07149,0.01581,0.07536,,1.24,63.92,4.18,3.97,10.75,,,,0.1051,1.00,,,,,,,,,,,,,,,,,,,
,2020-06-12,9480.84,237.49,0.1939,1.00,242.24,44.83,2.60,16.67,183.09,2.67,0.07303,0.01646,0.07955,,1.24,65.83,4.32,4.09,10.95,,,,0.1088,,,,,,0.003765,,,,,,,,,,,,,,
,2020-06-13,9475.28,238.91,0.1931,1.00,241.16,45.09,2.60,16.82,182.89,2.70,0.0743,0.0167,0.07903,,1.24,66.62,4.30,4.11,11.09,,,,0.1094,,,,,,,0.2017,,,,,,,,,,,,,
,2020-06-14,9386.79,234.11,0.1916,1.01,238.76,44.08,2.58,16.66,180.02,2.60,0.07141,0.01626,0.07675,,1.18,65.73,4.23,3.96,10.68,,,,0.1121,,,,,,,0.2023,,,,,,,,,,,,,
,2020-06-15,9450.70,229.93,0.1931,1.00,236.27,43.91,2.53,16.38,175.66,2.63,0.07111,0.01611,0.07839,,1.16,64.70,4.20,3.93,10.44,,,,0.1108,,,,,,,0.2017,,,,,,,,,,,,,
,2020-06-16,9538.02,234.42,0.1913,1.00,237.53,43.88,2.55,16.42,176.16,2.61,0.07125,0.01615,0.07907,,1.14,65.94,4.24,4.05,10.58,,,,0.1138,,,,,,,0.2014,,,,,,,,,,,,,
,2020-06-17,9480.26,233.03,0.1934,1.00,240.45,44.03,2.56,16.40,177.84,2.68,0.07189,0.0162,0.08345,,1.14,65.20,4.19,4.16,10.60,,,,0.1158,,,,,,,0.2014,,,,,,,,,,,,,
,2020-06-18,9411.84,232.10,0.191,1.00,236.96,43.56,2.53,16.21,175.27,2.67,0.07094,0.01606,0.08217,,1.14,65.08,4.16,4.17,10.44,,,,0.1161,,,,,,,0.2017,,,,,,,,,,,,,
,2020-06-19,9288.02,227.14,0.1868,0.9938,232.33,42.68,2.50,15.91,173.01,2.61,0.06927,0.0158,0.0796,,1.15,63.93,4.05,4.08,,,6.31,,0.1158,,,,,,,0.1999,,,,,,,,,,,,,
,2020-06-20,9332.34,229.27,0.1885,0.9989,231.90,43.35,2.52,16.05,173.35,2.61,0.06992,0.01593,0.07934,,1.17,63.94,4.08,4.17,,,,,0.119,0.9992,,,,,,0.2012,,,,,,,,,,,,,
,2020-06-21,9303.63,228.99,0.1856,1.00,231.29,43.09,2.52,16.00,172.49,2.59,0.06876,0.01584,0.07848,,1.16,64.55,4.05,4.19,,,,,0.1191,,,,,,,0.2017,337.05,,,,,,,,,,,,
,2020-06-22,9648.72,242.53,0.1893,0.9979,239.79,44.19,2.56,16.48,175.71,2.67,0.07187,0.01633,0.08361,,1.15,65.93,4.26,4.47,,,,,0.1244,0.9962,,,,,,0.2009,,,,,,,,,,,,,
,2020-06-23,9629.66,244.14,0.1887,1.00,240.81,44.18,2.57,16.42,180.54,2.78,0.07122,0.01653,0.08295,,1.16,66.95,4.26,4.81,,,,,0.1247,1.00,,,,,,0.2019,,,,,,,,,,,,,
,2020-06-24,9313.61,235.77,0.1843,1.00,233.16,42.84,2.49,16.03,172.92,2.63,0.06917,0.01596,0.08258,,1.18,64.87,4.30,4.72,,,,,0.118,1.00,,,,,,0.2015,,,,,,,,,,,,,
,2020-06-25,9264.81,232.94,0.1836,1.00,232.41,42.56,2.48,15.92,172.36,2.59,0.06783,0.01593,0.08169,,1.20,64.38,4.23,4.81,,,,,0.1163,1.00,,,,,,0.2013,,,,,,,,,,,,,
,2020-06-26,9162.92,229.67,0.1827,0.999,230.11,43.32,2.47,15.75,169.25,2.48,0.0671,0.01584,0.08056,,1.22,63.98,4.20,4.68,,,,,0.1146,0.9998,,,,,,0.2011,,,,,,,,,,,,,
,2020-06-27,9045.39,222.96,0.1769,1.00,218.41,41.56,2.35,15.19,162.13,2.33,0.06319,0.01551,0.07768,,1.23,62.34,4.15,4.43,,,,,0.1129,1.00,,,,,,0.2021,,,,,,,,,,,,,
,2020-06-28,9143.58,225.35,0.1777,1.00,222.71,41.41,2.36,15.42,159.37,2.37,0.06438,0.01582,0.08039,,1.25,63.31,4.14,4.56,,,,,0.1194,1.00,,,,,,0.2018,,,,,,,,,,,,,
,2020-06-29,9190.85,228.19,0.178,1.00,225.20,41.85,2.38,15.51,160.10,2.41,0.06526,0.0162,0.08387,,1.26,64.19,4.20,4.62,,,,,0.1265,0.9994,,,,,,0.2018,,,,,,,,,,,,,
,2020-06-30,9137.99,226.31,0.1759,0.9999,221.99,41.47,2.36,15.41,158.15,2.36,0.06707,0.01637,0.08312,,1.26,63.54,4.15,4.57,,,,,0.1249,0.9997,,,,,,0.2012,,,,,,,,,,,,,
,2020-07-01,9228.33,231.11,0.177,1.00,223.69,41.70,2.37,15.83,157.10,2.40,0.06849,0.01687,0.09595,,1.25,64.61,4.15,4.70,,,,,0.1261,1.00,,,,,,0.2016,,,,,,,,,,,,,
,2020-07-02,9123.41,229.39,0.1772,1.02,222.30,41.49,2.39,15.54,155.89,2.36,0.06841,0.01669,0.09433,,1.27,65.89,4.14,4.85,,,,,0.1244,1.01,,,,,,0.2044,,,,,,,,,,,,,
,2020-07-03,9087.30,225.39,0.1763,0.9995,221.56,41.21,2.42,15.29,155.24,2.28,0.06725,0.01666,0.09654,,1.24,62.75,4.10,4.74,,,,,0.1248,1.00,,,,,,0.2013,,,,,,,,,,,,,
,2020-07-04,9132.49,229.07,0.178,1.00,225.33,42.07,2.46,15.55,155.16,2.33,0.06787,0.0168,0.09995,,1.24,64.13,4.12,4.80,,,,,0.1281,0.9996,,,,,,0.2014,,,,,,,,,,,,,
,2020-07-05,9073.94,227.66,0.177,0.9989,221.84,41.60,2.41,15.48,153.75,2.28,0.06718,0.01684,0.09821,,1.18,63.22,4.08,4.74,,,,,0.1302,0.9978,,,,,,,,0.01429,,,,,,,,,,,
,2020-07-06,9375.47,241.51,0.1886,1.00,241.63,43.96,2.61,16.30,191.86,2.44,0.07186,0.01802,0.1052,,1.22,64.88,4.25,5.37,,,,,0.1358,0.9992,,,,,,,,0.01445,,,,,,,,,,,
,2020-07-07,9252.28,239.08,0.1848,0.9992,237.15,43.32,2.56,16.77,184.37,2.51,0.07327,0.01719,0.1176,,1.23,64.53,4.12,5.71,,,,,0.1382,1.00,,,,,,,,0.01736,,,,,,,,,,,
,2020-07-08,9428.33,246.67,0.2047,0.9999,243.23,45.20,2.68,17.23,188.98,2.65,0.085,0.01791,0.1299,,1.23,66.25,4.21,6.48,,,,,0.1434,0.9992,,,,,,,,0.02002,,,,,,,,,,,
,2020-07-09,9277.97,243.02,0.2029,1.00,238.86,44.54,2.66,16.88,185.68,2.54,0.09059,0.01845,0.1243,,1.23,67.63,4.18,6.10,,,,,0.1426,1.00,,,,,,,,0.01831,,,,,,,,,,,
,2020-07-10,9278.81,240.98,0.1987,1,237.92,44.25,2.62,17.26,182.67,2.54,0.08891,0.01814,0.1183,,1.22,67.31,4.20,6.14,,,,,0.1432,0.9999,,,,,,,,0.01714,,,,,,,,,,,
,2020-07-11,9240.35,239.46,0.2012,1.00,236.66,44.68,2.62,17.62,182.84,2.69,0.09433,0.01837,0.1252,,1.20,68.74,4.19,6.12,,,,,0.1449,1.00,,,,,,,,0.01855,,,,,,,,,,,
,2020-07-12,9276.50,242.13,0.2005,0.9986,236.77,44.64,2.61,18.24,185.91,2.81,0.095,0.01815,0.1268,,1.12,69.13,4.22,7.31,,,,,0.1445,0.9982,,,,,,,,0.01811,,,,,,,,,,,
,2020-07-13,9243.61,239.60,0.1986,0.9996,232.43,43.92,2.55,18.41,182.11,2.90,0.09029,0.01755,0.1242,,1.12,69.28,4.23,7.18,,,,,0.1425,1.00,,,,,,,,0.01848,,,,,,,,,,,
,2020-07-14,9243.21,240.21,0.1988,0.999,230.01,43.80,2.56,18.08,181.61,2.96,0.09211,0.01764,0.132,,1.13,67.92,4.23,8.10,,,,,0.1405,0.9988,,,,,,,,0.01841,,,,,,,,,,,
,2020-07-15,9192.84,238.42,0.1971,0.9994,227.27,43.28,2.53,17.59,179.67,3.20,0.09404,0.01756,0.1304,,1.15,70.60,4.23,8.64,,,,,0.143,0.9995,,,,,,,,0.01898,,,,,,,,,,,
,2020-07-16,9132.23,233.64,0.194,1,224.02,42.04,2.50,17.14,173.10,3.09,0.1007,0.01714,0.1259,,1.17,67.65,4.19,8.34,,,,,0.1418,0.9999,,,,,,,,0.01802,,,,,,,,,,,
,2020-07-17,9151.39,232.77,0.1943,0.9996,222.81,41.91,2.50,17.08,172.05,3.17,0.1039,0.01718,0.1225,,1.19,67.61,,8.28,,,,,0.1422,0.9992,,,,,,,,0.01823,0.1532,,,,,,,,,,
,2020-07-18,9159.04,235.48,0.1993,0.9988,224.25,42.43,2.50,17.13,172.78,3.01,0.1007,0.0174,0.1225,,1.17,68.26,,7.96,,,,,0.1449,0.9976,,,,,,,,0.01815,0.1824,,,,,,,,,,
,2020-07-19,9185.82,238.49,0.1991,0.9984,227.10,42.55,2.58,17.96,172.00,2.98,0.09988,0.01748,0.1237,,1.15,68.77,,8.07,,,,,0.1446,0.9971,,,,,0.0039,,,0.01799,,,,,,,,,,,
,2020-07-20,9164.23,236.15,0.1951,1.00,222.75,41.98,2.56,17.48,169.36,2.77,0.09468,0.01722,0.1179,,1.17,69.31,4.23,7.27,,,,,0.1418,0.9988,,,,,0.003593,,,,,,,,,,,,,,
,2020-07-21,9374.89,245.02,0.199,0.9989,229.56,43.62,2.62,17.72,177.38,3.02,0.09622,0.01756,0.123,,1.18,69.59,,7.28,,,,,0.1437,0.9975,,,,,0.003716,,,0.01749,,,,,,,,,,,
,2020-07-22,9525.36,262.19,0.2033,1.00,238.70,44.94,2.66,18.09,181.71,3.08,0.09722,0.01795,0.1239,,1.18,71.46,,7.47,,,,,0.1466,1.00,,,,,0.004295,,,0.01749,,,,,,,,,,,
,2020-07-23,9581.07,274.69,0.2076,0.9982,237.55,44.85,2.65,18.67,184.26,3.17,0.09776,0.01786,0.1238,,1.18,72.86,,7.87,,,,,0.1463,0.9977,,,,,0.004387,,,0.01735,,,,,,,,,,,
,2020-07-24,9536.89,279.22,0.204,0.999,235.52,44.18,2.59,19.15,181.62,3.03,0.09556,0.01796,0.1219,,1.19,71.58,,7.43,,,,,0.1465,0.9981,,,,,0.004376,,,0.01698,,,,,,,,,,,
,2020-07-25,9677.11,304.06,0.2141,0.9981,249.51,48.80,2.73,19.78,190.27,3.06,0.1002,0.01868,0.1436,,1.21,73.46,,7.66,,,,,0.1502,0.9978,,,,,0.004601,,,0.01815,,,,,,,,,,,
,2020-07-26,9905.17,309.64,0.215,0.9989,246.82,47.98,2.71,19.52,190.04,2.98,0.09873,0.01852,0.1481,,1.21,77.94,,7.50,,,,,0.1533,0.9974,,,,,0.004392,,,0.01755,,,,,,,,,,,
,2020-07-27,10990.87,321.51,0.2237,1.00,267.43,52.95,2.84,19.62,207.33,2.82,0.09454,0.01867,0.1388,,1.25,78.49,4.47,7.10,,,,,0.1649,0.9985,,,,,0.00626,,,,,,,,,,,,,,
,2020-07-28,10912.82,316.66,0.2303,1.00,288.55,55.58,2.99,20.17,214.15,2.83,0.097,0.01912,0.1486,,1.25,81.31,4.43,7.22,,,,,0.1594,0.9986,,,,,0.0057,,,,,,,,,,,,,,
,2020-07-29,11100.47,318.19,0.2431,1.00,288.37,55.17,3.03,19.90,213.40,2.79,0.09529,0.01933,0.1399,,1.25,79.15,4.43,7.12,,,,,0.1635,1.00,,,,,0.005847,,,,,,,,,,,,,,
,2020-07-30,11111.21,334.59,0.2445,1.00,292.19,56.64,3.05,20.01,215.36,2.81,0.09664,0.01928,0.1406,,1.25,81.09,,7.42,,,,,0.1623,0.9998,,,,,0.005887,,,0.01734,,,,,,,,,,,
,2020-07-31,11323.47,345.55,0.2589,1.00,300.50,58.00,3.09,20.67,229.84,2.84,0.09693,0.01968,0.1388,,1.26,84.46,,7.77,,,,,0.1645,1.01,,,,,0.004432,,,0.01726,,,,,,,,,,,
,2020-08-01,11759.59,385.20,0.2895,0.997,318.00,61.29,3.29,21.53,243.35,3.03,0.107,0.0204,0.1436,,1.26,89.26,4.75,8.30,,,,,0.1734,0.9964,,,,,0.005008,,,,,,,,,,,,,,
,2020-08-02,11053.61,370.67,0.2871,0.9979,283.78,56.64,2.94,20.94,217.82,2.88,0.1026,0.01904,0.1335,,1.27,84.97,4.48,8.27,,,,,0.1637,0.9974,,,,,0.00424,,,,,,,,,,,,,,
,2020-08-03,11246.35,386.30,0.3099,1.00,296.54,58.47,3.05,22.06,228.12,3.06,0.1051,0.01989,0.1373,,1.27,89.11,4.77,9.16,,,,,0.1631,1.00,,,,,0.004308,,,,,,,,,,,,,,
,2020-08-04,11205.89,389.88,0.3005,1.00,288.39,57.53,3.03,22.28,224.67,3.23,0.11,0.02035,0.143,,1.27,87.26,4.85,9.82,,,,,0.1566,1.00,,,,,0.004038,,,,,,,,,,,,,,
,2020-08-05,11747.02,401.59,0.3033,1.00,294.49,59.01,3.06,23.34,234.17,3.12,0.1079,0.02045,0.1427,,1.27,90.48,4.93,9.56,,,,,0.1637,1.00,,,,,0.004058,,,,,,,,,,,,,,
,2020-08-06,11779.77,394.96,0.3036,1.00,308.76,59.16,3.09,22.71,236.60,3.22,0.1064,0.02028,0.144,,1.27,95.61,,10.14,,,,,0.1624,1.00,,,,,0.004198,,,0.01974,,,,,,,,,,,
,2020-08-07,11601.47,379.51,0.2947,1.00,303.46,57.25,3.02,22.31,228.98,3.07,0.1031,0.01994,0.1392,,1.28,94.10,,10.06,,,,,0.1621,1.00,,,,,0.003886,,,0.01871,,,,,,,,,,,
,2020-08-08,11754.05,393.99,0.294,1.00,304.48,58.13,3.05,22.88,232.75,3.38,0.103,0.02042,0.1458,,1.28,94.88,,12.69,,,,,0.1673,0.9994,,,,,0.00392,,,0.02075,,,,,,,,,,,
,2020-08-09,11675.74,391.12,0.2887,1.00,300.40,57.14,3.03,22.48,224.05,3.68,0.1051,0.02047,0.1452,,1.27,93.06,,13.85,,,,,0.1673,1.00,,,,,0.003729,,,0.02186,,,,,,,,,,,
,2020-08-10,11878.11,395.89,0.2947,1.00,302.59,58.29,3.24,22.61,226.00,4.27,0.106,0.02152,0.1439,5.47,1.26,93.76,,13.44,,,,,0.1687,1.00,,,,,,,,0.02147,,,,,,,,,,,
,2020-08-11,11410.53,380.38,0.2844,1.00,282.95,54.39,3.02,21.26,210.76,4.01,0.1009,0.02016,0.1374,,1.27,87.46,,13.11,,,,0.3688,0.1613,1.00,,,,,,,,0.01998,,,,,,,,,,,
,2020-08-12,11584.93,391.02,0.2849,1.01,287.61,54.97,3.06,21.75,209.29,4.41,0.1022,0.02039,0.1374,5.98,1.28,90.29,,16.62,,,,,0.1627,1.00,,,,,,,,0.02058,,,,,,,,,,,
,2020-08-13,11784.14,428.74,0.2978,1.02,299.52,57.74,3.18,22.08,216.06,4.18,0.1021,0.02261,0.1412,6.15,1.29,92.79,,17.33,,,,,0.164,1.01,,,,,,,,0.01976,,,,,,,,,,,
,2020-08-14,11768.87,437.40,0.3004,1.00,293.40,56.75,3.25,23.07,212.03,4.10,0.105,0.02475,0.1383,6.09,1.26,91.44,,16.93,,,,,0.1648,0.9996,,,,,,,,0.02048,,,,,,,,,,,
,2020-08-15,11865.70,433.35,0.2997,1.00,303.00,59.93,3.73,23.02,224.04,4.08,0.1068,0.0252,0.1383,6.09,1.28,90.05,,19.10,,,,0.4205,0.1664,0.999,,,,,,,,,,,,,,,,,,,
,2020-08-16,11892.80,433.79,0.3035,1.00,307.87,63.83,3.88,23.50,222.83,4.24,0.1146,0.02821,0.1385,6.22,1.29,91.22,,18.80,,,,0.4243,0.1685,0.9993,,,,,,,,,,,,,,,,,,,
,2020-08-17,12254.40,429.53,0.3148,1.00,317.30,67.03,3.77,23.51,224.25,4.03,0.1137,0.03039,0.1409,5.94,1.27,93.36,,16.71,16.53,,,,0.1698,0.998,,,,,,,,,,,,,,,,,,,
,2020-08-18,11991.23,423.67,0.3033,1.00,304.17,65.53,3.59,23.07,217.30,3.83,0.1088,0.0288,0.1374,5.84,1.27,93.52,,16.24,16.23,,,,0.1666,1.00,,,,,,,,,,,,,,,,,,,
,2020-08-19,11758.28,406.46,0.2902,1.00,292.70,62.00,3.35,22.31,206.52,3.63,0.1025,0.02654,0.1293,5.67,1.27,91.28,,16.24,15.88,,,,0.1625,1.00,,,,,,,,,,,,,,,,,,,
,2020-08-20,11878.37,416.44,0.2926,1.00,294.79,62.97,3.44,23.09,208.95,3.85,0.1072,0.02754,0.1336,6.30,1.27,101.31,,16.09,17.80,,,,0.1637,0.9997,,,,,,,,,,,,,,,,,,,
,2020-08-21,11592.49,389.13,0.2807,1.00,284.30,59.38,3.27,22.13,197.47,3.39,0.1004,0.02434,0.1238,5.63,1.27,92.57,,13.80,16.64,,,,0.1688,1.00,,,,,,,,,,,,,,,,,,,
,2020-08-22,11681.83,395.84,0.2865,1.00,287.36,60.31,3.37,22.24,196.66,3.58,0.1025,0.02516,0.1253,6.44,1.26,94.74,,15.96,18.94,,,,0.1683,0.9999,,,,,,,,,,,,,,,,,,,
,2020-08-23,11664.85,391.38,0.2854,1.00,284.96,60.62,3.33,21.87,194.86,3.52,0.1031,0.02447,0.1216,8.52,1.27,91.31,,15.17,18.20,,,,0.1713,0.9995,,,,,,,,,,,,,,,,,,,
,2020-08-24,11774.60,408.14,0.2892,1.00,291.33,62.20,3.39,22.61,203.83,3.69,0.1035,0.02516,0.1245,8.15,1.26,93.94,,15.18,18.15,,,,0.1741,1.00,,,,,,,,,,,,,,,,,,,
,2020-08-25,11366.14,384.00,0.2779,1.00,276.80,58.58,3.14,21.48,192.08,3.45,0.09811,0.02313,0.1133,8.43,1.26,88.83,,14.22,17.11,,,,0.1692,1.00,,,,,,,,,,,,,,,,,,,
,2020-08-26,11488.36,386.47,0.2775,1.00,275.57,58.36,3.13,22.28,191.42,3.38,0.09842,0.02375,0.1153,7.74,1.26,89.12,,15.25,17.40,,,,0.17,1.00,,,,,,,,,,,,,,,,,,,
,2020-08-27,11323.40,382.63,0.2645,1.00,264.58,56.04,2.98,23.08,185.95,3.21,0.09392,0.0231,0.1068,7.29,1.26,89.54,,14.50,17.66,,,,0.1678,1.00,,,,,,,,,,,,,,,,,,,
,2020-08-28,11542.50,395.87,0.272,1.00,268.91,57.35,3.12,23.13,191.78,3.26,0.09582,0.02398,0.1095,7.58,1.27,94.36,,15.16,18.35,,,,0.1731,1.00,,,,,,,,,,,,,,,,,,,
,2020-08-29,11506.87,399.92,0.2745,1.00,268.95,57.29,3.14,23.01,190.44,3.36,0.09674,0.02504,0.1167,7.31,,92.82,,16.57,21.29,,,,0.1739,1.00,,,,,,,,,,0.1452,,,,,,,,,
,2020-08-30,11711.51,428.40,0.283,1.00,279.07,62.73,3.27,23.64,196.50,3.38,0.09825,0.02695,0.1174,7.64,1.27,96.15,,16.47,20.70,,,,0.1783,1.00,,,,,,,,,,,,,,,,,,,
,2020-08-31,11680.82,435.08,0.2818,1.00,274.54,61.11,3.23,23.19,192.85,3.26,0.09731,0.0293,0.1227,7.21,,93.35,,15.71,20.50,,,,0.1785,1.00,,,,,,,,,,0.1417,,,,,,,,,
,2020-09-01,11970.48,477.05,0.2957,1.00,292.72,62.88,3.48,24.82,203.67,3.44,0.09938,0.03455,0.1254,7.25,,97.14,,16.12,21.46,,,,0.1798,1.00,,,,,,,,,,0.1571,,,,,,,,,
,2020-09-02,11414.03,440.04,0.2765,1.00,264.12,58.10,3.10,24.69,183.57,3.13,0.09265,0.03445,0.1156,,,91.08,,14.90,20.36,,,,0.1741,1.00,,,,,,,,,,0.1605,6.14,,,,,,,,
,2020-09-03,10245.30,385.67,0.2466,1.01,216.06,47.77,2.64,20.62,152.35,2.58,0.07945,0.04119,0.09615,,,77.98,,12.02,17.94,,,,0.1542,1.00,,,,,,,,,,0.1424,5.75,,,,,,,,
,2020-09-04,10511.81,388.24,0.2559,1.00,231.87,50.61,3.01,21.06,160.56,2.76,0.08145,0.03562,0.1024,,,82.35,,12.49,19.07,,,,0.1565,1.00,,,,,,,,,,0.138,5.15,,,,,,,,
,2020-09-05,10169.57,335.26,0.2377,1.00,225.30,47.59,2.93,19.48,162.10,2.48,0.07551,0.03,0.08992,,1.20,77.71,,10.61,16.92,,,,0.1497,1.00,,,,,,,,,,,4.12,,,,,,,,
,2020-09-06,10280.35,353.36,0.2407,1.00,228.45,48.05,2.91,23.19,163.50,2.57,0.07786,0.03152,0.09306,,1.22,80.33,,12.91,,,,,0.1508,1.00,,,,,,,,,,0.1351,4.80,,,,,,,,
,2020-09-07,10369.56,352.67,0.2422,1.00,228.61,48.77,2.85,22.39,174.15,2.56,0.07869,0.03228,0.09333,,,82.53,,12.43,18.17,,,,0.15,1.00,,,,,,,,,,0.1354,4.59,,,,,,,,
,2020-09-08,10131.52,337.60,0.2368,1.00,222.54,47.38,2.76,23.19,170.57,2.51,0.07754,0.035,0.09101,,1.22,83.90,,11.79,17.06,,,,0.1483,1.00,,,,,,,,,,,4.27,,,,,,,,
,2020-09-09,10242.35,351.11,0.2396,1.00,224.68,47.90,2.76,24.53,169.58,2.55,0.07863,0.03402,0.09335,,1.21,84.38,,12.38,17.31,,,,0.1508,1.00,,,,,,,,,,,4.71,,,,,,,,
,2020-09-10,10363.14,368.10,0.2435,1.00,227.71,48.72,2.78,24.56,166.70,2.58,0.08132,0.03308,0.09716,,1.18,83.46,,12.55,18.45,,,,0.1509,1.00,,,,,,,,,,,4.58,,,,,,,,
,2020-09-11,10400.91,374.70,0.2433,1.00,225.54,49.09,2.79,25.45,167.56,2.57,0.08381,0.03351,0.09699,,1.21,88.39,,12.50,20.39,,,,0.1595,1.00,,,,,,,,,,,4.65,,,,,,,,
,2020-09-12,10442.17,387.18,0.2478,1.00,230.29,50.82,2.81,28.53,168.82,2.61,0.08411,0.03275,0.0976,,,86.51,,12.77,21.69,,,,0.1634,1.00,,,,,,,,,,,5.14,43282.04,,,,,,,
,2020-09-13,10323.76,365.57,0.2418,0.9992,221.83,48.07,2.72,31.06,162.76,2.62,0.08006,0.03058,0.09486,,1.23,89.50,,11.99,20.29,,,,0.16,1.00,,,,,,,,,,,5.30,,,,,,,,
,2020-09-14,10680.84,377.27,0.2463,1.00,226.26,49.09,2.74,31.18,164.37,2.63,0.08045,0.03045,0.09677,,,92.65,,12.12,22.03,,,,0.168,1.00,,,,,,,,,,,5.35,39943.71,,,,,,,
,2020-09-15,10796.95,364.84,0.2438,1.00,235.63,48.39,2.71,27.20,165.81,2.52,0.07826,0.0279,0.0935,,1.14,91.12,,10.98,20.23,,,,0.1696,1,,,,,,,,,,,5.10,,,,,,,,
,2020-09-16,10974.90,365.81,0.2478,1.00,231.77,47.93,2.72,27.96,163.25,2.49,0.0802,0.02649,0.09165,,1.16,86.61,,10.76,21.04,,,,0.1689,0.998,,,,,,,,,,,5.08,,,,,,,,
,2020-09-17,10948.99,389.02,0.2522,1.00,233.17,48.88,2.73,26.99,164.25,2.49,0.08042,0.0281,0.09422,,1.19,92.43,,10.99,23.75,,,,0.1667,1.00,,,,,,,,,,,5.34,,,,,,,,
,2020-09-18,10944.59,384.36,0.2507,0.9995,234.21,48.46,2.70,27.40,162.53,2.41,0.07846,0.02909,0.09108,,1.21,92.30,,10.08,25.29,,,,0.1663,0.9996,,,,,,,,,,,5.25,,,,,,,,
,2020-09-19,11094.35,385.54,0.2517,1.00,233.63,48.68,2.71,27.25,162.29,2.34,0.07898,0.02778,0.09166,,,95.74,,10.15,24.62,,,,0.1678,1.00,,,,,0.003664,,,,,,4.93,,,,,,,,
,2020-09-20,10938.27,371.05,0.2467,1.00,226.42,47.10,2.67,26.39,154.47,2.22,0.07741,0.02696,0.08943,,,93.36,,9.77,23.66,,,,0.1596,1.00,,,,,0.003755,,,,,,4.67,,,,,,,,
,2020-09-21,10462.26,341.79,0.2321,1.00,213.52,43.39,2.51,23.27,146.25,1.99,0.0707,0.025,0.08043,,,88.95,,8.76,20.19,,,,0.1523,1.00,,,,,0.004033,,,,,,4.09,,,,,,,,
,2020-09-22,10538.46,344.50,0.2334,1.00,220.03,44.55,2.57,24.10,155.78,2.12,0.07199,0.02504,0.08175,,,92.95,,8.76,20.20,,,,0.1526,1.00,,,,,0.00379,,,,,,4.17,,,,,,,,
,2020-09-23,10246.19,321.12,0.2212,1.00,207.92,43.06,2.45,22.86,150.36,1.96,0.06757,0.02486,0.07676,,1.23,87.47,,7.70,19.67,,,,0.1477,1.00,,,,,,,,,,,4.03,,,,,,,,
,2020-09-24,10760.07,349.36,0.2329,1.00,216.39,45.04,2.54,24.61,156.72,2.19,0.07037,0.02619,0.08282,,1.24,91.79,,9.82,21.84,,,,0.1547,1.00,,,,,,,,,,,4.38,,,,,,,,
,2020-09-25,10692.72,352.18,0.2419,1.00,216.64,46.09,2.55,24.66,155.50,2.24,0.07446,0.02715,0.09685,,1.24,92.75,,10.71,21.40,,,,0.154,1.00,,,,,,,,,,,4.42,,,,,,,,
,2020-09-26,10750.72,355.49,0.2422,1.00,222.05,46.19,2.58,26.22,164.75,2.22,0.07396,0.02725,0.09556,,1.24,94.65,,10.34,21.18,,,,0.1544,1.00,,,,,,,,,,,4.35,,,,,,,,
,2020-09-27,10775.27,357.44,0.2428,1.00,228.81,46.09,2.59,26.20,170.55,2.23,0.07334,0.02659,0.1013,,1.25,97.18,,10.77,21.14,,,,0.1546,1.00,,,,,,,,,,,4.31,,,,,,,,
,2020-09-28,10709.65,355.16,0.2419,1.00,226.15,45.36,2.57,26.98,168.41,2.29,0.07354,0.02631,0.1007,,1.25,95.13,,10.33,20.12,,,,0.1528,1.00,,,,,,,,,,,4.40,,,,,,,,
,2020-09-29,10844.64,359.76,0.2432,1.00,228.98,45.80,2.60,28.84,171.95,2.27,0.07414,0.0263,0.1012,,1.26,100.35,,10.12,19.77,,,,0.1538,1.00,,,,,,,,,,,4.50,,,,,,,,
,2020-09-30,10784.49,359.94,0.2418,1.00,228.01,46.37,2.59,29.29,171.85,2.24,0.07482,0.02606,0.1011,,1.28,108.15,,9.85,19.08,,,,0.152,1.00,,,,,,,,,,,4.35,,,,,,,,
,2020-10-01,10619.45,353.21,0.2382,1.00,227.42,46.31,2.55,27.43,169.57,2.23,0.07317,0.0256,0.09787,,1.27,102.66,,9.65,18.79,,,,0.1495,1.00,,,,,,,,,,,4.34,,,,,,,,
,2020-10-02,10575.98,346.24,0.2341,1.00,220.02,44.92,2.49,27.29,161.12,2.09,0.0711,0.02592,0.09292,,1.27,101.72,,9.22,18.08,,,,0.147,1.00,,,,,,,,,,,4.12,,,,,,,,
,2020-10-03,10549.33,346.52,0.2329,1.00,218.86,45.58,2.49,28.20,160.38,2.12,0.07116,0.02709,0.09341,,1.25,103.66,,9.30,17.88,,,,0.147,1.00,,,,,,,,,,,4.07,,,,,,,,
,2020-10-04,10669.58,352.58,0.2477,1.00,221.39,46.73,2.53,28.94,162.80,2.11,0.07296,0.02636,0.09635,,1.23,105.56,,9.40,18.18,,,,0.1489,1.00,,,,,,,,,,,4.17,,,,,,,,
,2020-10-05,10793.34,353.96,0.2508,1.00,222.05,46.36,2.53,28.66,163.07,2.21,0.07342,0.02644,0.09754,,,112.90,,9.62,17.67,,,,0.15,1.00,,,,,,,,,,,4.17,,10798.55,,,,,,
,2020-10-06,10604.41,340.82,0.2453,1.00,220.03,45.99,2.69,27.71,159.37,2.07,0.0725,0.02558,0.09281,,1.20,106.67,,8.78,,,,,0.1472,1.00,,,,,,,,,,,3.76,,10612.54,,,,,,
,2020-10-07,10668.97,341.81,0.2485,1.00,223.27,46.66,2.65,27.70,163.45,2.07,0.0723,0.02548,0.0938,,1.20,109.99,,8.96,,,,,0.1476,1.00,,,,,,,,,,,3.86,,10670.39,,,,,,
,2020-10-08,10915.69,350.77,0.2515,1.00,233.62,47.22,2.61,27.71,165.09,2.11,0.0731,0.02567,0.09615,,1.22,110.91,,9.51,,,,,0.1506,1.00,,,,,,,,,,,4.10,,10908.86,,,,,,
,2020-10-09,11064.46,365.59,0.2535,1.00,237.37,47.83,2.65,28.45,168.42,2.23,0.07514,0.02622,0.1019,,,116.03,,10.35,17.43,,,,0.1524,1.00,,,,,,,,,,,4.26,,11071.43,,,,,,
,2020-10-10,11296.36,370.97,0.2543,1.00,237.32,48.92,2.65,28.31,171.12,2.25,0.07737,0.02637,0.105,,,115.84,,10.52,17.57,,,,0.1543,1.00,,,,,,,,,,,4.25,,11306.53,,,,,,
,2020-10-11,11384.18,375.14,0.2557,1.00,239.67,50.73,2.67,28.56,172.03,2.29,0.07723,0.02647,0.1065,,,125.92,,10.85,17.82,,,,0.1542,1.00,,,,,,,,,,,4.26,,11379.34,,,,,,
,2020-10-12,11555.36,387.73,0.2564,1.00,239.81,50.74,2.65,30.71,170.03,,,,0.11,,,129.58,,11.45,,,,,0.1547,1.00,,,,,,,,,,,4.32,,11542.79,1.00,1.01,27.37,0.3444,,
,2020-10-13,11425.90,381.19,0.2563,1.00,253.53,49.94,2.65,30.71,170.64,2.41,0.07634,0.02679,0.1089,,,127.78,,11.00,17.59,,,,0.1472,1.00,,,,,,,,,,,4.25,,11428.22,,,,,,
,2020-10-14,11429.51,379.48,0.2494,1.00,259.13,49.85,2.61,30.91,168.69,2.32,0.07428,0.02683,0.1073,,,128.70,,10.95,17.03,,,,0.1389,1.00,,,,,,,,,,,4.20,,11430.97,,,,,,
,2020-10-15,11495.35,377.44,0.2459,1.00,261.38,49.49,2.60,31.30,169.45,2.28,0.07404,0.02654,0.1066,,,129.83,,10.74,,,,,0.1395,1.00,,,,,,,,,,,4.10,,11491.65,,,59.26,,,
,2020-10-16,11322.12,366.23,0.2404,1.00,250.33,47.69,2.54,29.99,160.67,2.21,0.0787,0.02574,0.1041,,,120.19,,10.62,16.99,,,,0.1362,1.00,,,,,,,,,,,3.91,,11318.26,,,,,,
,2020-10-17,11358.10,368.86,0.2409,1.00,246.32,47.05,2.54,30.25,159.39,2.26,0.08192,0.02575,0.1061,,,120.04,,10.65,17.24,,,,0.1337,1.00,,,,,,,,,,,3.97,,11360.86,,,,,,
,2020-10-18,11483.36,378.21,0.2422,1.00,249.81,47.62,2.56,30.66,160.37,2.30,0.07955,0.02594,0.1074,,,123.63,,10.88,17.41,,,,0.1211,1.00,,,,,,,,,,,4.10,,11486.04,,,,,,
,2020-10-19,11742.04,379.94,0.246,1.00,250.71,48.10,2.59,29.93,159.98,2.23,0.08525,0.02586,0.1087,,,125.40,,10.89,17.57,,,,0.1104,1.00,,,,,,,,,,,3.99,,11735.53,,,,,,
,2020-10-20,11916.34,369.14,0.2436,1.00,242.85,47.05,2.54,28.80,157.59,2.06,0.08091,0.02601,0.1025,,1.22,117.95,,9.88,,,,,0.1059,1.00,,,,,,,,,,,3.91,,11919.94,,,,,,
,2020-10-21,12823.69,392.19,0.2516,1.00,258.51,53.05,2.62,29.77,164.80,2.13,0.08378,0.02672,0.1062,,,121.75,,10.80,18.39,,,,0.1015,1,,,,,,,,,,,4.14,,12861.89,,,,,,
,2020-10-22,12965.89,413.77,0.2568,1.00,266.47,54.27,2.68,30.66,168.78,2.19,0.08528,0.02704,0.1106,,,127.07,,11.94,18.63,,,,0.09612,1,,,,,,,,,,,4.27,,12941.40,,,,,,
,2020-10-23,12931.54,409.77,0.2549,1.00,270.31,55.24,2.64,30.63,166.26,2.22,0.0838,0.02669,0.1081,,,127.30,,12.16,18.12,,,,0.1008,1.00,,,,,,,,,,,4.27,,12914.28,,,,,,
,2020-10-24,13108.06,412.46,0.2564,1.00,275.12,59.10,2.65,30.59,175.50,2.22,0.08544,0.02705,0.1081,,,129.00,,12.73,18.33,,,,0.1018,0.9999,,,,,,,,,,,4.36,,13106.41,,,,,,
,2020-10-25,13031.17,406.22,0.2532,1.00,271.08,58.67,2.69,30.11,180.93,2.17,0.08314,0.02694,0.1064,,,130.80,,12.16,17.88,,,,0.09666,1.00,,,,,,,,,,,4.34,,13030.18,,,,,,
,2020-10-26,13075.25,393.89,0.2487,1.00,259.78,56.75,2.63,31.15,173.81,2.10,0.08091,0.02676,0.1031,,1.27,132.02,,11.75,,,,,0.09615,1.00,,,,,,,,,,,4.73,,13054.63,,,,,,
,2020-10-27,13654.22,404.00,0.2529,1.00,264.54,57.82,2.66,31.64,174.89,2.08,0.08181,0.02696,0.1028,,1.28,133.73,,11.97,,,,,0.09842,1,,,,,,,,,,,4.68,,13617.29,,,,,,
,2020-10-28,13271.29,388.65,0.2459,1.00,268.49,55.74,2.65,30.36,169.86,2.00,0.07859,0.02685,0.09898,,1.28,126.35,,11.46,,,,,0.08931,1.00,,,,,,,,,,,4.37,,13225.86,,,,,,
,2020-10-29,13437.88,386.73,0.2423,1.00,267.06,54.77,2.63,29.84,166.79,1.93,0.07745,0.02649,0.09538,,1.26,124.28,,11.27,,,,,0.09026,1.00,,,,,,,,,,,4.05,,13413.61,,,,,,
,2020-10-30,13546.52,382.82,0.2392,1.00,261.83,53.84,2.51,28.51,163.51,1.90,0.07676,0.02563,0.09337,,1.27,122.95,,11.10,,,,,0.08411,1.00,,,,,,,,,,,4.09,,13503.27,,,,,,
,2020-10-31,13780.99,386.59,0.2397,1.00,261.76,55.59,2.52,28.43,164.87,1.98,0.07767,0.02577,0.09306,,1.27,126.34,,11.22,,,,,0.08415,1.00,,,,,,,,,,,4.18,,13715.40,,,,,,
,2020-11-01,13737.11,396.36,0.2398,1.00,267.56,55.59,2.51,28.46,164.64,1.99,0.07848,0.02573,0.0982,,1.26,126.56,,11.54,,,,,0.08421,1.00,,,,,,,,,,,4.23,,13649.20,,,,,,
,2020-11-02,13550.49,383.16,0.2354,1.00,257.20,53.82,2.43,27.88,158.67,1.90,0.07566,0.02443,0.09214,,1.26,118.73,,10.80,,,,,0.07994,1.00,,,,,,,,,,,4.03,,13432.18,,,,,,
,2020-11-03,13950.30,387.60,0.2395,1.00,244.15,53.82,2.36,26.86,153.78,1.87,0.07531,0.02442,0.09343,,1.26,120.73,,10.39,,,,,0.07934,1,,,,,,,,,,,4.03,,13913.53,,,,,,
,2020-11-04,14133.71,402.14,0.2378,1.00,241.13,54.50,2.35,26.93,152.16,1.88,0.07459,0.0242,0.09537,,1.25,115.96,,10.47,,,,,0.07696,1.00,,,,,,,,,,,4.10,,14066.75,,,,,,
,2020-11-05,15579.85,414.07,0.2458,1.00,249.55,58.68,2.44,27.68,159.75,1.88,0.08018,0.02496,0.09699,,1.25,119.81,,10.99,,,,,0.07951,1,,,,,,,,,,,4.24,,15509.62,,,,,,
,2020-11-06,15565.88,454.72,0.2584,1.00,257.72,63.13,2.54,29.02,167.64,2.09,0.08387,0.02607,0.1091,,1.27,119.48,,12.12,,,,,0.07911,1.00,,,,,,,,,,,4.58,,15533.68,,,,,,
,2020-11-07,14833.75,435.71,0.2496,1.00,253.59,59.14,2.50,27.74,162.21,2.02,0.07961,0.02492,0.1014,,1.28,111.31,,11.76,,,,,0.07327,1.00,,,,,,,,,,,4.24,,14823.49,,,,,,
,2020-11-08,15479.57,453.55,0.2539,1.00,270.70,61.06,2.54,28.31,166.88,2.09,0.08154,0.02537,0.1066,,1.29,120.33,,12.66,,,,,0.07477,1,,,,,,,,,,,4.37,,15451.87,,,,,,
,2020-11-09,15332.32,444.16,0.2507,1.00,263.98,59.36,2.50,28.02,160.12,2.09,0.07968,0.02481,0.1053,,1.29,115.66,,12.52,,,,,0.0703,0.9999,,,,,,,,,,,4.35,,15294.62,,,,,,
,2020-11-10,15290.90,449.68,0.2539,1.00,257.35,58.24,2.50,28.19,157.19,2.15,0.07983,0.02487,0.1058,,1.30,115.33,,13.00,,,,,0.06984,1.00,,,,,,,,,,,4.42,,15243.55,,,,,,
,2020-11-11,15701.34,462.96,0.2563,1.00,257.12,59.52,2.50,27.96,159.13,2.12,0.08069,0.02505,0.106,,1.30,113.37,,12.81,,,,,0.07067,1.00,,,,,,,,,,,4.46,,15696.94,,,,,,
,2020-11-12,16276.34,461.01,0.2549,1.00,259.82,60.37,2.46,27.61,158.17,2.07,0.08067,0.02494,0.1045,,1.29,112.05,,12.42,,,,,0.07205,0.9992,,,,,,,,,,,4.40,,16226.76,,,,,,
,2020-11-13,16317.81,474.63,0.2652,1.00,259.17,65.46,2.60,28.18,161.15,2.15,0.08232,0.0254,0.1064,,1.29,114.11,,12.89,,,,,0.07042,1.00,,,,,,,,,,,4.54,,16232.42,,,,,,
,2020-11-14,16068.14,460.15,0.2683,1.00,255.77,63.77,2.54,27.94,157.74,2.10,0.08116,0.02519,0.1042,,1.27,116.58,,12.58,,,,,0.06765,1.00,,,,,,,,,,,4.47,,16039.94,,,,,,
,2020-11-15,15955.59,447.56,0.2696,1.00,241.37,62.28,2.50,27.62,154.43,2.02,0.08029,0.02541,0.1005,,1.27,114.62,,12.12,,,,,0.06395,1.00,,,,,,,,,,,4.38,,15887.32,,,,,,
,2020-11-16,16712.21,460.07,0.2877,1.00,249.91,73.55,2.58,27.97,157.83,2.09,0.0823,0.02553,0.1039,,,118.57,,12.62,,,,,0.06575,1.00,,,,,,,,,,,4.50,,16718.77,,1.00,,,,
,2020-11-17,17645.41,480.36,0.3024,1.00,255.29,75.85,2.71,28.53,166.85,2.14,0.08608,0.02647,0.1096,,1.30,125.43,,13.24,,,,,0.06436,1.00,,,,,,,,,,,4.84,,17654.39,,,,,,
,2020-11-18,17804.01,479.48,0.2942,1.00,247.13,73.69,2.64,28.08,162.15,2.09,0.08362,0.02682,0.1064,,1.30,123.64,,13.59,,,,,0.06582,1.00,,,,,,,,,,,4.68,,17793.18,,,,,,
,2020-11-19,17817.09,471.63,0.3038,1.00,246.27,81.68,2.64,28.09,161.59,2.08,0.08391,0.0258,0.1059,,1.27,118.39,,13.62,,,,,0.06673,1.00,,,,,,,,,,,4.76,,17788.12,,,,,,
,2020-11-20,18621.31,509.74,0.3281,1.00,258.85,82.58,2.78,28.89,166.00,2.10,0.08831,0.02627,0.1182,,1.27,120.94,,14.08,,,,,0.07699,1.00,,,,,,,,,,,5.23,,18623.14,,,,,,
,2020-11-21,18642.23,549.49,0.4583,0.9989,301.92,86.41,3.22,30.39,193.67,2.37,0.1084,0.03033,0.1329,,,128.07,,15.36,18.24,,,,0.07278,1,,,,,,,,,,,5.75,,18601.53,,,,,,
,2020-11-22,18370.00,558.07,0.4437,0.9992,286.99,82.70,3.05,29.93,177.87,2.27,0.1035,0.0287,0.1448,,1.28,123.33,,14.44,,,,,0.07094,1,,,,,,,,,,,5.48,,18398.17,,,,,,
,2020-11-23,18364.12,608.45,0.614,1.00,323.03,89.04,3.38,30.97,196.90,2.62,0.1306,0.03167,0.1535,,,129.89,,15.27,19.09,,,,0.07224,0.9998,,,,,,,,,,,5.91,,18358.94,,,,,,
,2020-11-24,19107.46,603.90,0.6921,0.9998,345.61,89.21,3.59,33.80,208.91,2.66,0.1955,0.03507,0.1663,,,135.20,,15.62,,,,,0.08112,0.9998,,,,,,,,,,0.1628,5.73,,19146.87,,,,,,
,2020-11-25,18732.12,570.69,0.6355,1.00,312.78,81.88,3.44,31.34,191.84,2.60,0.1952,0.03311,0.1552,,,129.15,,14.26,,,,,0.07826,1.00,,,,,,,,,,0.1814,5.31,,18690.25,,,,,,
,2020-11-26,17150.62,518.80,0.533,1.00,270.51,70.87,2.94,28.20,165.47,2.25,0.1675,0.02939,0.1383,,,119.35,,12.58,,,,,0.0637,1.00,,,,,,,,,,0.1589,4.80,,17123.87,,,,,,
,2020-11-27,17108.40,517.49,0.5593,1.00,264.96,69.12,2.87,28.48,161.80,2.25,0.2064,0.02936,0.141,,,117.31,,12.49,,,,,0.06425,1.00,,,,,,,,,,0.173,4.78,,17060.39,,,,,,
,2020-11-28,17717.42,538.23,0.6256,1.00,275.57,72.69,3.00,29.14,166.73,2.32,0.2002,0.03043,0.1648,,,122.00,,13.08,,,,,0.06521,1.00,,,,,,,,,,0.1806,4.90,,17734.59,,,,,,
,2020-11-29,18177.48,575.76,0.6062,1.00,283.93,79.24,3.03,30.12,168.20,2.36,0.1942,0.0307,0.1666,,,123.99,,13.37,,,,,0.06618,1.00,,,,,,,,,,0.178,5.19,,18167.78,,,,,,
,2020-11-30,19625.84,614.84,0.6643,1.00,316.42,87.57,3.26,31.39,,2.48,0.2021,0.03232,0.1713,,,129.71,,14.23,18.52,112.92,,0.3515,,,,,,,,,,,,0.1889,,,,,,30.37,,0.01162,
,2020-12-01,18803.00,587.32,0.6129,1.00,288.14,85.44,3.00,30.11,169.37,2.33,0.1844,0.03028,0.156,,,125.93,,13.39,,,,,0.06558,1.00,,,,,,,,,,0.1903,5.09,,18828.38,,,,,,
,2020-12-02,19201.09,598.35,0.6299,1.00,294.25,88.86,3.06,30.30,171.04,2.39,0.1852,0.0312,0.1586,,,127.90,,13.99,,,,,0.06677,1.00,,,,,,,,,,0.2002,5.46,,19214.00,,,,,,
,2020-12-03,19445.40,616.71,0.6315,1.00,292.30,89.10,3.08,30.70,170.83,2.41,0.1843,0.03164,0.1642,,,133.02,,13.97,,,,,0.06629,1,,,,,,,,,,0.2188,5.41,,19460.82,,,,,,
,2020-12-04,18699.77,569.35,0.5573,1.00,280.71,80.02,2.86,29.07,177.55,2.28,0.1629,0.02955,0.1482,,,127.02,,12.74,,,,,0.06291,1.00,,,,,,,,,,0.2422,5.03,,18665.34,,,,,,
,2020-12-05,19154.23,596.60,0.5844,1.00,289.31,83.12,3.01,29.73,181.97,2.32,0.1717,0.03057,0.1597,,,133.36,,13.17,,,,,0.06422,1.00,,,,,,,,,,0.2605,5.19,,19150.38,,,,,,
,2020-12-06,19345.12,601.91,0.6199,1.00,286.36,83.56,3.00,29.54,178.55,2.33,0.1756,0.03093,0.1589,,,134.65,,13.49,,,,,0.0638,1.00,,,,,,,,,,0.249,5.14,,19383.04,,,,,,
,2020-12-07,19191.63,591.84,0.6089,1.00,283.89,83.62,2.95,29.38,179.70,2.28,0.1685,0.03032,0.1541,,,138.92,,13.08,,,,,0.06418,1.00,,,,,,,,,,0.2364,5.06,,19176.63,,,,,,
,2020-12-08,18321.14,554.83,0.5588,0.9997,267.55,76.75,2.80,27.64,173.37,2.15,0.1528,0.02785,0.1409,,1.34,135.71,,12.15,,,,,,1.00,,,,,,,,,,0.2222,4.73,,18327.37,,,,,,
,2020-12-09,18553.92,573.48,0.5836,1.00,268.71,77.41,2.81,28.13,170.32,2.17,0.1722,0.02871,0.1482,,,132.63,,12.63,,,,,,1.00,,,,,,,,,,0.2174,4.86,,18531.15,,,30.50,,,
,2020-12-10,18264.99,559.68,0.573,1.00,265.98,74.83,2.74,27.70,166.41,2.11,0.1611,0.02815,0.142,,,133.90,,11.92,,,,,,1.00,,,,,,,,,,0.2175,4.80,,18250.66,,,30.61,,,
,2020-12-11,18058.90,545.80,0.5465,1.00,259.33,72.09,2.69,27.36,161.65,2.08,0.1512,0.02782,0.1394,,1.36,141.56,,11.66,,,,,,1,,,,,,,,,,0.2053,4.62,,18054.93,,,,,,
,2020-12-12,18803.66,568.57,0.5064,1.00,267.71,76.71,2.77,28.16,165.09,2.13,0.1589,0.02857,0.1445,,1.36,146.72,,12.21,,,,,,1.00,,,,,,,,,,0.2608,4.74,,18781.91,,,,,,
,2020-12-13,19142.38,589.66,0.5115,1,275.35,82.00,2.85,29.10,168.60,2.23,0.1749,0.02918,0.154,,1.36,151.91,,12.93,,,,,,0.9999,,,,,,,,,,0.2527,4.89,,19163.82,,,,,,
,2020-12-14,19246.64,586.01,0.4977,0.9999,276.55,82.36,2.84,30.03,166.64,2.22,0.1698,0.02909,0.158,,1.36,152.68,,12.83,,,,,,1,,,,,,,,,,0.2478,4.90,,19278.18,,,,,,
,2020-12-15,19417.08,589.36,0.4697,1.00,288.39,81.40,2.86,29.55,169.18,2.23,0.1666,0.02921,0.1543,,,151.00,,12.71,,,,,0.06165,1.00,,,,,,,,,,0.2464,5.25,,19428.91,,,,,,
,2020-12-16,21310.60,636.18,0.5686,1,311.42,92.79,3.10,30.49,179.62,2.36,0.1914,0.03118,0.1676,,,158.70,,13.45,,,,,0.06487,0.9999,,,,,,,,,,0.2563,5.36,,21367.41,,,,,,
,2020-12-17,22805.16,642.87,0.5767,0.9998,310.30,100.96,3.04,30.18,179.07,2.29,0.1859,0.03071,0.1635,,,160.22,,13.47,,,,,0.06645,0.9998,,,,,,,,,,0.2795,5.34,,22818.61,,,,,,
,2020-12-18,23137.96,654.81,0.5843,1.00,312.78,109.38,3.06,30.94,178.44,2.33,0.1851,0.03111,0.165,,,154.82,,13.51,,,,,0.06479,0.9999,,,,,,,,,,0.3031,5.37,,23146.72,,,,,,
,2020-12-19,23869.83,659.30,0.5792,1.00,318.25,120.56,3.06,33.30,176.92,2.33,0.1818,0.03129,0.1647,,,155.02,,13.49,,,,,0.06594,1,,,,,,,,,,0.2982,5.34,,23874.20,,,,,,
,2020-12-20,23477.30,638.29,0.5561,0.9996,348.16,114.67,3.14,34.16,182.79,2.27,0.177,0.03123,0.162,,,152.50,,13.07,,,,,0.06605,0.9999,,,,,,,,,,0.2892,5.19,,23472.00,,,,,,
,2020-12-21,22803.08,609.82,0.5169,0.9998,314.49,105.01,2.94,32.27,171.65,2.19,0.1664,0.02938,0.1527,,1.35,146.27,,12.34,,,,,,0.9999,,,,,,,,,,0.2768,4.89,,22744.46,,,,,,
,2020-12-22,23783.03,634.85,0.4484,0.9996,323.89,113.68,2.90,33.48,171.53,2.19,0.1622,0.02889,0.1562,,1.36,156.17,,12.79,,,,,,1,,,,,,,,,,0.2774,5.15,,23820.51,,,,,,
,2020-12-23,23241.34,583.71,0.2586,0.9994,274.15,101.82,2.30,31.10,153.60,1.82,0.1265,0.02482,0.1364,,1.36,150.90,,10.83,,,,,,0.9999,,,,,,,,,,0.2334,4.71,,23229.82,,,,,,
,2020-12-24,23735.95,611.61,0.3378,0.9999,296.28,111.57,2.67,32.50,162.18,2.06,0.1596,0.0277,0.1529,,1.36,156.76,,11.58,,,,,,1.00,,,,,,,,,,0.2567,5.13,,23737.31,,,,,,
,2020-12-25,24664.79,626.41,0.3181,1.00,318.34,126.98,2.66,33.16,165.40,2.03,0.1526,0.0285,0.1576,,1.36,159.27,,11.55,,,,,,1.00,,,,,,,,,,0.2439,5.21,,24652.15,,,,,,
,2020-12-26,26437.04,635.84,0.2947,0.9985,322.83,129.46,2.61,33.48,164.13,1.98,0.147,0.02774,0.1578,,,167.94,,10.96,,,,,,0.9997,,,,,,,,,,0.2365,5.18,,26409.53,,,,,,1.66
,2020-12-27,26272.29,682.64,0.283,0.9989,338.18,127.52,2.71,33.51,167.30,2.00,0.145,0.02885,0.1544,,1.36,157.26,,12.13,,,,,,1.00,,,,,,,,,,0.2359,5.14,,26237.58,,,,,,
,2020-12-28,27084.81,730.40,0.248,0.9986,362.09,130.05,2.76,35.84,168.49,2.12,0.1444,0.02953,0.1767,,,166.49,,12.63,,,,,,1.00,,,,,,,,,,0.2308,6.59,,27025.56,,,,,,1.55
,2020-12-29,27362.44,731.52,0.221,0.9986,353.09,129.04,2.64,38.95,164.40,2.04,0.1388,0.02769,0.1922,,,161.39,,11.77,,,,,,1,,,,,,,,,,0.2232,7.52,,27191.39,,,,,,1.45
,2020-12-30,28840.95,751.62,0.2118,1.00,358.81,129.47,2.61,38.14,166.90,1.99,0.1319,0.02695,0.184,,,159.37,,11.25,,,,,,1.00,,,,,,,,,,0.1929,7.25,,28788.81,,,,,,1.60
,2020-12-31,29001.72,737.80,0.2198,1.00,343.05,124.69,2.60,37.38,163.63,2.02,0.1284,0.02683,0.1814,,,156.57,,11.27,,,,,,0.9998,,,,,,,,,,0.2045,9.29,,28977.74,,,,,,1.86
